adress,baseName,manager,contact
"USNV Johnson
FPO AE 58191",Gonzalez LLC,Kathy Brown,(750)456-0647x241
"Unit 3263 Box 8825
DPO AE 49429","Morgan, Marsh and Sampson",Michael Reyes,(969)671-2957x444
"4509 Jennifer Stream Apt. 238
Port Brianshire, FM 80150",Simon Inc,Peggy Hart,(414)638-5629x1887
"73911 Bethany Lodge Apt. 398
South Michelle, HI 34252","Wall, Murphy and Tucker",Tonya Jenkins,001-839-985-9888x85332
"026 Vanessa Ville Suite 303
West Denise, WA 89728","Patel, Lara and Townsend",Matthew Anderson,001-423-802-0713x4615
"427 Webster Rapid Apt. 546
Melvinhaven, LA 91472",Santos-Williams,Cameron Sullivan,+1-846-603-5997
"945 Jordan Crossroad Apt. 349
Fisherfort, WV 13856",Burns-Moore,Jordan James,299.310.2461
"40899 Cheyenne Harbor Suite 679
Phillipschester, WY 72526",Lloyd-Evans,Grace Frank,(607)650-4421x9268
"600 Stephanie Courts
North Eric, CT 77709",Jordan-Mckee,Shelia Keller,641.638.5281
"2002 Daniel Inlet
Stuarttown, ND 70834",Carlson Inc,Miranda Lee,001-657-326-3505x634
"008 David Course
North Jenniferland, NE 90068",Scott-Butler,Brandy Mcgee,520-458-1284
"6822 Michael Crest Apt. 130
East Travis, LA 10799",Potter-Williams,Whitney Mcintyre,+1-759-269-1411
"47599 Charles Curve
West Keithport, NM 09927",Martin-Sullivan,Charles Rocha,(960)835-6068
"8363 Kimberly Squares Suite 755
Davisbury, NH 98210","Duke, Taylor and Morgan",Kenneth Anderson,(723)604-0375x74544
"482 Mcintosh Loop
Lake Aaronside, UT 72548","Smith, Peterson and Smith",Jennifer Williams,(971)215-4839x78932
"88145 Jackson Square Suite 584
Lake Jamesbury, MN 65792","Saunders, Gomez and Hall",Jeffrey Escobar,+1-450-438-2416
"67432 Jackson Forge
Williamsland, GU 38066","Chen, Walker and Gray",Melinda Hurley,+1-846-655-7819x9947
"8681 Sara Garden Apt. 811
South William, IN 88796","Robinson, Thomas and Frazier",Alexis Hughes,(924)708-8511x137
"648 Russell Crossroad
New Thomasport, TN 70901",Cook-Henderson,Joshua York,(940)475-1139x24935
"1985 Thompson Junction
West Jesseborough, NE 91157","Nicholson, Hopkins and Gray",Tamara Shaw,001-640-320-6614
"9377 Bell Pine
Padillaberg, MO 25621",Martinez-Williams,Rebecca Paul,(901)385-8336
"065 Craig Canyon Suite 874
Deborahbury, AL 13797",Aguilar-Elliott,Christopher White,(612)831-4829x702
"USNV Bautista
FPO AE 16004","Hoffman, Ramos and Daniels",Amber Rosales,609.730.8666x4064
"73659 Robert Fields Apt. 706
New Michael, WA 54754",Moody-Pitts,Ashlee Owen,001-834-340-2815x369
"34523 James Curve Apt. 917
Rogershaven, MO 89232",Boyd-Bennett,Jimmy Brown,(932)689-4181x98164
"USCGC Diaz
FPO AE 64492","Williams, White and Valenzuela",Kimberly Brown,831.711.8460
"0045 Jeffrey Summit Apt. 972
West Dannyhaven, SC 63113",Armstrong Ltd,Jasmine Guerra,+1-338-222-2720x77962
"72932 April Meadows Suite 712
Smithborough, DC 54873",Phillips-Brown,Kristina Webb,587.953.9982x5412
"9132 Brown Expressway
Rodriguezmouth, FL 46762",Barber-Medina,Casey Cobb,683.495.9913
"223 Alyssa Ranch Suite 872
Walkerborough, GA 34347",Myers Ltd,Roberto Donaldson,791-269-7907
"800 Sarah Plains Apt. 817
North Lindsey, ME 31481","Kelly, Lin and Hamilton",Mr. Mark Alvarado,714-288-8071x6987
"331 Loretta Lock Apt. 084
North Kevin, UT 48523",Mann PLC,Ashley Simpson,(794)792-5719x8170
"USS Cox
FPO AP 86501",Murphy-Raymond,Deborah Wall,001-565-733-6114x3581
"Unit 6779 Box 6314
DPO AE 82173","Mckenzie, Hart and Turner",Diana Ortiz,333-600-0152
"204 Smith Mission
North Kendra, NM 11012",Foster-Patrick,Tammy Thomas,001-453-365-2637x142
"80799 Gallegos Meadows Suite 090
North James, MO 67616","Turner, Miller and Chambers",Brian Barber,+1-629-692-3624x24861
"8642 Barnes Heights Apt. 427
East Tabitha, VI 65395",Alvarez and Sons,Alexander Johnson,736-297-2658x63663
"3406 White Via
Jacobshire, KS 85346",Davis-Sosa,Jo Dickson,351.648.7701x541
"18435 Fernandez Rue
West Christina, ND 76352","Matthews, Reed and Warren",Kevin Ortiz,001-417-229-8450
"7766 Jimmy Rapids
Kennethborough, VA 78119","Tapia, Velazquez and Neal",Adam Mcmahon,(428)244-4259
"8511 Bass Shores
Port Vincentfurt, IN 57529",Smith-Ramirez,Karen Stone,+1-619-397-3568x53996
"7681 Webb Plaza Apt. 453
East Nicoleshire, UT 02061",Smith-Cantu,Shawn Montgomery,+1-402-839-6617x679
"004 Megan Brooks Apt. 843
Johnville, DE 96789",Baker-Vazquez,Nathan Vance,+1-799-454-8370
"6770 Wallace Drives
Morganhaven, MD 24550",Gutierrez-Horne,Robert Ross,001-422-514-2320x442
"Unit 6722 Box 2092
DPO AE 64621","Smith, Brown and Jennings",Ms. Jennifer Johnson DDS,(898)977-0153x264
"568 Chapman Union
New Lisa, OK 16152",Kerr Inc,Jonathan Morse,+1-382-245-0224
"818 Coleman Causeway
East Jason, NC 70803",Marquez-Taylor,Spencer Lee,001-879-329-0429
"9417 Denise Village Suite 458
Port Gabriellaborough, OR 48561","Howard, Sanchez and Myers",Kelli Garcia,(910)216-2464x796
"6529 Medina Brook Suite 227
Port Trevortown, NV 16354",Rice LLC,Lauren Henderson,865-216-3481x043
"17396 Rebecca Tunnel
Popemouth, MS 12696","Maldonado, Gonzalez and Gilbert",Carlos Morales,(751)237-9390x65827
"781 Tyler Point Apt. 340
North Glennstad, MD 36191",Brooks-Adams,James Wang,259.627.4312
"170 Brandon Island Suite 701
East Jose, AK 90408","Moore, Hernandez and Huynh",John Garcia,001-523-815-9843x0736
"5513 Colon Forest
Port Joshualand, WY 42772",Phillips Group,Scott Montoya,001-483-624-8503x3059
"4991 Foster Mill Apt. 022
West Jessicamouth, IA 54864",Braun and Sons,Patricia Swanson,+1-608-641-4759x46425
"18102 Oconnor Motorway
Ashleyberg, DC 79231","Kaufman, Hood and Collins",Jeffery Mejia,340.574.8459
"USCGC Myers
FPO AE 89502",Miranda-Strickland,Monica Fletcher,(413)253-1403x562
"USS Hawkins
FPO AE 71494","Hartman, Mckay and Parker",Samuel Brown,575.766.5898x036
"466 Conner Fords Apt. 925
New Steven, RI 27580","Ramos, Hartman and Barnes",Jessica White,539.798.6792
"696 Cheryl Rest
South Anna, AR 15597","Long, Smith and Velasquez",Rebecca Powers,638.392.9338x16151
"5783 Vargas Freeway
Port Dominiqueburgh, OH 43386",Davis-Miller,Pamela Taylor,918-758-5134
"Unit 7018 Box 5964
DPO AP 41086",Montoya-Johnson,Dawn Walker,+1-353-296-7496x603
"75647 Dixon Bypass
Andersonberg, FL 84645",Cooper and Sons,Travis Moore,549.565.8248
"569 Grimes Ways
East Richardville, MP 47394","Blackwell, Christensen and Roth",Carrie Brown,001-237-995-2800x1322
"44207 Thomas Cape Suite 231
Ashleyville, TN 32614",Krause Group,Connie Mejia,001-972-608-4626x913
"PSC 4939, Box 8589
APO AA 85903",Miller-Richard,Natalie Palmer,592-236-2591x66737
"PSC 8100, Box 8298
APO AE 36355",Compton-Drake,Hailey Bell,001-266-294-2946x04115
"7110 Thomas Expressway Suite 154
New Keith, OH 57310","Taylor, Best and Woods",Jasmine Olson,001-386-836-6865x69455
"1984 Thomas Hills
Yatesside, GU 99033","Flores, Patrick and Ortiz",Tanner Smith,(219)245-2292x23607
"USS Donaldson
FPO AA 61868",Brown-Rojas,Scott Jacobs,(694)467-5091x77420
"4064 Adam Alley
New Ericborough, MS 15073","Johnson, Welch and Hines",Jennifer Brown,+1-286-387-2972x65637
"1896 Thompson Turnpike
South Robertfort, AR 94766",Gibson-Melton,Jeanette Wyatt,879-972-3625x67567
"113 Hayley Land
Sydneyville, OR 77835",Willis PLC,Emma Cook,(332)922-7675
"59930 Fletcher Stravenue
New Antoniofurt, CT 03373","Thomas, Kim and Murphy",Tammy Haynes,(845)921-1338x384
"91892 Carroll Club Suite 428
South James, PA 98113","Rodriguez, Mathis and Simon",Kelly Hoffman,507-353-0901x828
"55712 Adams Meadows
Smithland, VI 92996",Fox-Warren,Paul Thompson,001-875-835-2768x894
"582 Joel Bypass
Port Katherinebury, MS 56211",Snow-Olson,Rachel Johnson,001-699-891-0578x099
"286 Gregory Extension
East Heather, NH 66244","Palmer, Bean and Allen",Kenneth White,(499)323-9374x0692
"842 Cristina Station Suite 416
Taylorborough, ID 28329",Ramirez-Medina,Kelly Flowers MD,7628641540
"893 Cheryl Plain Apt. 413
Gregorybury, MD 44846","Allen, Miller and Burns",Juan Lewis,436-600-1198
"6847 Dunn Fall
Kristinstad, IL 48025",Reyes-Allen,David Cruz,+1-476-832-2826
"Unit 9791 Box 5489
DPO AA 40104",Drake Ltd,Tiffany Deleon,001-481-405-3264x743
"54413 Jones Pike
Howardshire, DC 77177",Avery-Larson,Allison Hamilton,(816)739-0460x6520
"7288 Francis Cliffs
Grahamland, TX 54330","Reyes, Chambers and Murphy",Natalie Wood,322.998.1852x024
"140 Caroline Fords Apt. 109
New Vanessabury, TX 99777","Gaines, Bowers and Fox",Thomas Deleon,+1-771-287-2059x14981
"6434 Tyler Light
West Karenfurt, TN 80309",Douglas LLC,Susan Palmer,274.604.4894
"64520 Eric Place Suite 385
Jeffreyton, MH 82992","Riley, Oconnor and Johnson",Deborah Chen,(761)787-7137x9979
"69772 Sellers Fall
Lake Frank, IN 45365",Long Ltd,Carolyn Ritter,323.926.7971x1821
"747 Foster Locks
Theresaborough, MP 90275","Garcia, Perry and Rice",Brandon Austin,7939612789
"56051 Justin Gardens Suite 510
West Kennethbury, IA 62265",Taylor-Santos,Andrew Fox,001-879-741-0894x71824
"200 David Club
Raymondhaven, NH 41054",Clements Inc,Desiree Klein,891.630.5805
"5265 Sandra Harbor
North Michael, WI 15227",Chavez-Collins,Janet Morgan MD,300.809.2888
"4770 Justin Highway
Xavierstad, MH 21046","Fowler, Moody and Cannon",Lori James,+1-316-203-2697x948
"858 Cox Villages
West Jasonchester, MT 17948","Blackburn, Walters and Bright",Jonathan Taylor,(204)593-9318
"716 Morris Trace
East Janiceshire, LA 36444",Cole-Johnson,Donald Morrison,262-296-1565x8747
"0962 James Forge
Michelleland, IN 02339",Atkinson-Brock,Jesse Solomon,203-719-9811
"07070 Ashley Tunnel Suite 242
Donaldsonchester, UT 47642",Smith-Martin,Michael Pitts,(627)248-8284x795
"50947 King Burgs
Vegashire, NC 64925","Woods, Ho and Williams",Kevin Clarke,775-334-1581x3071
"39084 Sean Divide
South Andreaberg, NE 52104",Taylor-Miller,Zachary Maldonado,(250)480-0240x95865
"86856 Erin Unions Apt. 504
Timothychester, GU 32781",Walker Group,Jennifer Hampton,699-526-8608
"3688 Charles Ramp Apt. 699
Lake Haley, IL 26310",Kennedy-Ballard,Robert Rich,(496)697-5608
"299 Javier Pass
Andrewville, MD 78016",Johnson-Olson,Jonathan Griffin,+1-713-290-6026x5945
"976 Wall Coves
Port Alexis, MT 47941",Edwards PLC,Kathleen Sanders,6666701067
"PSC 3919, Box 3531
APO AP 70184",Huber LLC,Dennis Weaver,(379)399-6068x51657
"42037 Vincent Walk
Powellton, ID 78691",West Ltd,Kaitlyn Jones,875-715-2311x0686
"842 Waller Brooks
Melissaburgh, PA 93352",Fox Ltd,Matthew Holmes,001-967-953-1625x148
"0140 Steven Coves
Merrittfort, VA 29349",Wilson-Hampton,Jennifer Brennan,(734)729-1786x6147
"207 George Mill Suite 862
Conwayside, NM 37406",Davis-Morales,Anthony Newman,509-598-8365
"402 Martin Wells Apt. 356
Stephensfort, NC 28275","Boone, Barr and Williams",Clinton Palmer,001-653-642-0709x62971
"55595 Mcconnell Rapids
North Charles, DE 55522",Villarreal LLC,Casey Khan,(625)521-9967
"30287 Cooper Haven Apt. 043
Patrickbury, AK 88045",Baker Ltd,Dustin Johnson,(944)504-0700
"1240 Candace Route
Lake Jose, IN 85377",Harris Ltd,Steven Pierce,4064833517
"573 Cohen Skyway Apt. 392
Fernandohaven, MN 99239","Payne, Norton and Hall",John Mccoy,+1-538-205-4219
"9055 Gray Brooks Suite 647
Benitezstad, MS 25175",Lynch-Brown,Diane Munoz,935-564-7224x5489
"9677 Peters Neck
East Tammy, VA 95701","Cardenas, Coleman and Williams",Mrs. Lindsay Brady,001-270-264-0533x1904
"61346 Patrick Unions Apt. 717
Wrightland, UT 62001",Perkins-Morgan,Amy Johnson,+1-999-982-2848x161
"06734 Joanna Court
West Emilyland, WI 67582",Allen LLC,Mark Houston,(518)718-1928
"Unit 7967 Box 4931
DPO AE 47497","Graham, Collins and Obrien",Tina Wood,+1-521-687-6222x20164
"PSC 9070, Box 1906
APO AA 15980",Morgan-Jones,Troy Rodriguez MD,001-378-455-8218x1674
"54830 Torres Keys Suite 345
Tonyamouth, VT 53540","Luna, Cain and Andrews",Mr. Scott Nelson MD,844.557.6862
"USNV Garcia
FPO AA 56163",Hernandez-Stark,Leslie Silva,(433)673-3435x53987
"45577 Jon River
Troyville, NM 48819","Jackson, Morgan and Ramirez",Martin Holmes,947-667-6237x837
"530 Berry Light Apt. 953
East Michael, ID 99747",Hughes LLC,Larry Aguilar,001-912-623-9951x44443
"0139 Juan Club Suite 721
Timothytown, IA 03878","Gutierrez, Ross and Howard",Kathryn Bush,899.825.0749
"525 David Alley Suite 512
Christopherland, MD 38767","Whitaker, Everett and Ray",Misty Adams,(727)842-8325x898
"39345 Sherry Village
Stoneburgh, KS 92883","Nixon, Reed and Bautista",Robert Sanders,7302080679
"968 Robert River
Amandachester, TN 68151",Russell Inc,Edward Carter,001-871-854-4491x3793
"678 Norton Inlet Suite 449
Lisaport, MO 37707",Stone-Taylor,Carol Brown,(431)974-9603x188
"8373 Kirk Extension
Lyonsland, KY 05721",Ford-Swanson,Gregory Kim,271.206.3221
"105 Anderson Rue Suite 063
South Ericfort, MN 50276",Reyes PLC,Christopher Santos,001-842-484-0954
"11848 Brian Mountains
New Latashaburgh, AS 93094",Jenkins-Lewis,Bruce Bauer,+1-254-824-0694x207
"4630 Brian Turnpike Suite 735
Port Blaketon, MS 20632",Soto Inc,Hunter Estrada,+1-246-807-0050x5676
"166 Gomez Road
Lake Kenneth, WA 89684","Cross, Reid and Evans",Stephen Mcguire,281.533.8638x687
"732 Jacob Oval Suite 596
West Sallymouth, AS 46925",Clark-Potter,Jacob Gallagher,(272)511-2007x795
"44870 Helen Mills Suite 112
Lake Jesusstad, VA 85549",Carpenter Ltd,Anna Flores,987-481-9953
"PSC 2418, Box 4947
APO AP 20332","Anderson, Short and Jennings",Erik Case,+1-933-952-3140x872
"2584 Wendy Street
New Richardmouth, RI 85017",Gibson LLC,Sydney Rodgers,+1-669-787-8527x35770
"073 Anthony Avenue
Madisonview, KY 92946",Hardy PLC,Darren Nichols,(580)696-7784
"5696 Steve Isle Apt. 641
Port Erinshire, MD 28842",Robinson LLC,James Taylor,(995)394-7426
"PSC 1947, Box 5253
APO AA 03056","Pearson, Bryant and Moses",Andrea Patton DDS,6445975370
"2573 Morgan Club
East Wendyfort, UT 23541",Smith-Hill,Rebecca Morton,813.327.9930x4057
"5416 Phillip Crossing Suite 727
Priceland, FL 75386","Craig, Cox and Johnson",Lisa Olson,233-598-5727x701
"3765 Hernandez Lodge Apt. 522
Kimberlymouth, FM 11428",Mooney Group,Adrian West,622-204-6976x081
"502 Adams Knoll Apt. 609
Port Andrea, FL 24210","Christian, White and Johnson",Sherry Davis,921-953-8603
"6199 Nicole Mountains Suite 998
Johnnystad, TX 77519",Moore-Powers,Gilbert Morgan,952-670-5959x8970
"92970 Spears Land Suite 012
West Shannon, MS 77569","Heath, Turner and Duncan",Jillian Brown,590.926.9273x18987
"5751 Mann Glens Suite 174
Jamesfort, MS 57298",Flores Group,Steven Mcintyre,(479)640-9236x4298
"35795 Todd Way
West Christian, MI 19280",Stewart-Garrison,Christopher Brown,001-623-808-9758
"88962 Richard Creek
Mitchellland, ID 26057","Fry, Collins and Williams",Amber King,9918073299
"20134 Monique Place Suite 745
Robertsville, ID 62214",Harris-Lee,Jonathan Terrell,780-351-0851x6246
"327 Andrea Plain Suite 384
Lake Scottmouth, ND 53528",Carter-Sullivan,Alicia Brown,3746260701
"906 Trevino Light Apt. 738
Lake Paula, ME 41241","Mcdonald, Martin and Miller",Ashley Scott,(778)551-2646
"27179 Schaefer Villages
Ralphside, AS 62904",Becker and Sons,Victoria Thomas,+1-241-517-7919x20009
"206 Jonathan Keys Apt. 160
Morganhaven, AL 71365",Mcdaniel-Wells,Gregory Clay,690-657-3834x56753
"5887 Garcia Port Suite 801
New Bonnie, NM 23945","Murphy, Stanley and Mcdonald",Michael King,769.554.0258
"70755 Turner Centers
Davilaland, VI 97213",Miller-Mack,Laura Barnes,001-910-553-8531x746
"USS Woods
FPO AP 36944",Branch-Fields,Rebekah Leonard,754-682-6297
"74222 Dawson Underpass
Robertton, KS 05297","Beasley, Acevedo and Wood",Jack Robinson,303-892-8642x15103
"617 Pratt Divide Suite 494
Kimchester, NM 58064",Mccormick-Daniels,Richard Watson,916.832.1350x35188
"339 Harding Knolls Apt. 558
West Daniellemouth, WV 87820","Mccarthy, Marshall and Rangel",Sarah Finley,(735)860-5547x3977
"23694 Wagner Crescent Apt. 259
Johnsonberg, NM 46955",Walker-Miller,Brian Wilson,+1-298-962-4475x51416
"3029 Frank Junctions Apt. 245
Andreville, OK 17322",Mitchell-Brown,Valerie Gutierrez,642-728-1035x248
"2209 Brandi Mountains Suite 641
Hernandezberg, OR 68992",Smith LLC,Charlotte Kramer,001-732-279-4108x48199
"601 Farmer View Apt. 457
North Eric, NC 52550",Vazquez Ltd,Miguel Sherman,684-987-5169x94084
"1010 Johnson Orchard
Lake Samantha, VI 03166",Carlson-Bradley,Curtis Campos,892-488-2548
"2462 Hunter Fords Suite 167
Krystalfort, NM 95924",Glenn Ltd,Michael Wong,829-786-5904x68861
"PSC 9705, Box 6843
APO AA 55104",Patterson and Sons,Samantha Potts,001-828-928-3843x049
"1364 Randy Courts
Bakerside, AK 81756",Chavez PLC,Mr. William Dennis,449.923.2554
"55072 Garcia Spurs
Hernandezstad, IA 55427",Faulkner-Scott,Daniel Myers,3313688047
"2302 Nathan Junction Apt. 584
South Diane, AZ 71137","Hunt, Burke and Orr",Tonya Carroll DVM,986.259.0719x52668
"57901 Downs Trail
North Isaiahborough, IA 34086",Lane-Parker,Allison Rogers,784-864-4766x71654
"PSC 8952, Box 5021
APO AP 12316","Powell, Koch and Townsend",Cody Brock,+1-432-572-8633x0948
"106 Samantha Mission
South Sherrychester, MN 92264",Johnson-Page,Donald Johnson,(640)505-8713x605
"69758 Allen Views Suite 195
Connorville, FM 42756","Perkins, Chavez and Young",Courtney Baxter,+1-469-713-8610x08591
"196 Perkins Drive
Frankstad, MH 04281",Kelley-Wallace,Isaac Cooper,001-282-631-0610x87910
"430 Hamilton Pass Apt. 482
Simmonsland, NJ 48874","Deleon, Ballard and Whitehead",Tiffany Peterson,(452)640-5353x43348
"Unit 2008 Box 7020
DPO AP 74349","Webb, White and Hall",Dorothy Larsen,772-200-4727x49224
"5334 Timothy Mount
Watsonshire, MA 31706","Petty, Key and Ruiz",Alexandra Leach,910-235-3589
"7927 Parker Court Apt. 984
Wayneborough, ND 86280",Lewis PLC,Douglas Thomas,918.870.1095
"014 Williams Summit Apt. 257
South Sheilachester, MS 55546","Williams, Klein and Stein",Mike Taylor,975.488.5042
"807 Gomez Mission Suite 292
Wilsonton, UT 37092","Smith, Knox and Mcdonald",Janet White,509.213.3480
"20470 Andrew Ridge
South Nathan, FM 03756",White-Wu,Carrie Romero,(499)230-8136x24760
"0614 Torres Summit
Lake Brianfort, SC 63474","Smith, Love and Robles",Johnny Mcdaniel,001-831-471-8556
"97967 Jimenez Park Apt. 396
Lake Kristen, NY 05623","Scott, Crawford and Brock",Joan Hawkins,212.204.5349
"7923 Williamson Roads
Ruthstad, PR 58904","Beard, Reilly and Morales",Brenda Ramirez,393-504-5201
"Unit 0954 Box 2047
DPO AP 89834",Ortiz-Hernandez,Darlene Cooley,(793)215-0336x7859
"59952 Lester Corner
North Timothy, PA 46609",Chapman-Meyer,Christopher Coleman,488-875-8098x3567
"3547 Melanie Coves Suite 142
Samanthaborough, IL 60516",Smith Ltd,April Waller,+1-523-466-5842
"21493 Marcus Point Suite 772
Millerside, AS 70505",Ortiz PLC,Vincent Cardenas,(361)966-2103
"35079 Richard Loaf
Chanfort, PR 12099","Deleon, Price and Morgan",Jessica West,001-586-592-1816
"5655 Melanie Station Apt. 966
Rhondafort, SD 63051","Webster, Johnson and Lewis",Christine Vasquez,599.328.8037x5862
"3020 Robert Creek
South Heather, WA 65067",Owen LLC,Jonathan Gonzales,603.688.2974
"059 Kyle Square
Haleyberg, WV 45266",Everett-Preston,Danielle Vaughn,9718366507
"Unit 5110 Box 6424
DPO AE 52891",Myers-Bautista,Zachary Gonzalez,+1-818-901-0103x849
"587 Massey Ferry Apt. 581
East Tammyville, PA 43845","Wilson, Callahan and Moreno",Jennifer Brennan,(259)926-9997x0436
"873 Emily Club Suite 982
New Beverlytown, DE 95865","Walker, King and Brown",Kevin Smith,504-944-2186
"956 Smith Camp
Kingshire, UT 29412","Wood, Johnson and Morgan",Cassie Gomez,384.975.4799x90585
"937 Steven Stream
Underwoodhaven, FL 49583",Thomas-Boyle,Michelle Jones,7196101336
"61220 Grant Alley
Wernerchester, OH 83176","Palmer, Clark and Jenkins",Stacey Martinez,486.518.3120x3941
"3715 Fry Fields
Port Wendy, AZ 54192","Coleman, Singleton and Padilla",Caroline Smith,533.221.8745
"736 Tiffany Extension Apt. 254
Kinghaven, MI 85068",Galloway Ltd,Ronald Jones,+1-661-791-3290
"0274 John Forest Apt. 556
East Arthur, OR 96564","Salas, Henderson and Smith",Nancy Howard,963.538.7824x57581
"5654 Ponce Alley Apt. 702
Carolinefurt, MT 13470",Lawson-Jones,Anna Smith,+1-257-786-3363
"500 Ricky Ridges Apt. 463
New Wyattshire, MD 69350",Gray-Estrada,Eddie Baker,(897)383-0816x7958
"0882 Meagan Walk
South Jeff, VT 10145","Davidson, Davis and Gallagher",Anthony Wang,910.319.5543x4933
"3390 Cortez Glen
Johnbury, NY 02801","Shaw, Reese and Marquez",Joshua Harris,209.413.5830
"1552 Smith Glen Suite 729
East Charles, CO 01074","Sweeney, Gonzales and Warren",Mr. Danny Prince,5997252339
"42783 Briggs Park Suite 569
Courtneychester, NC 46836",Williamson-Hernandez,Beth Tapia,001-888-583-6326x112
"5661 Sampson Springs Apt. 097
Foxstad, TX 81775",Bennett-Burns,Kevin Brown,(740)381-5909
"7594 Scott Corner Suite 689
Gordonshire, NV 27500",Moss-Mcmahon,Evan Thompson,321-739-2563
"4940 Sullivan Spring
Tammystad, OK 79885",Barnett LLC,Benjamin Robertson,001-538-444-3473x2545
"9977 Smith Neck Suite 746
South Gabrielberg, SC 71429",Rhodes and Sons,Jennifer Barber,507.469.6179
"PSC 6370, Box 6476
APO AE 03705",Cooper and Sons,Zachary Rose,699.750.3269x37330
"554 Campbell Crossroad
North Meganton, VT 57996","Jenkins, Washington and Gonzales",Christina Potter,771-983-6530
"2833 Latoya Shores
New Jenniferborough, NV 47466",Calderon Ltd,Adam Thompson,+1-551-315-7692x019
"13138 Zachary Inlet
South Derekstad, FL 32275",Bishop Group,Monica Williams,(254)480-5848x0179
"692 Stephen Dam Suite 799
Ronaldfurt, NV 56111",Lynch Inc,Julie Maxwell,8482370720
"USNV Stewart
FPO AP 96125",Galloway-Tucker,Scott Middleton,473.279.6604
"6256 Oconnor Ville
West Saraville, WA 72747",Turner-Clark,Tyler Jones,560.751.3658x7145
"PSC 2381, Box 9203
APO AE 70860",Howell-Clayton,Brenda Myers,(346)402-6384x8082
"11216 Reeves Tunnel Suite 856
Maxwellbury, DE 19222",Wade-Garcia,Mr. Nicholas Green,367.527.8081x4128
"1142 Blake Extension
North Rebecca, FL 22946",Maddox-Bradley,Donna Ramirez,(427)324-2325
"66823 Chris Road Apt. 221
West Seth, OR 48329",Travis-Moore,Penny Little,765.639.0134x31605
"3455 Cathy Harbors
Caldwellfort, RI 67361",Kelley-Rodriguez,Tony Wagner,7237880114
"619 Jamie Isle
Perryshire, AZ 96367","Peterson, Holmes and Smith",Paul Smith,487-635-5456x61894
"3676 Shaffer Parkways Suite 999
Amandachester, ID 85853",Jackson Group,James Coleman,001-564-952-9672x22409
"5770 Gardner Wall Apt. 251
Jonestown, MD 90138",Gibson-Jensen,Elizabeth Bush,564.963.7859
"564 William Camp Suite 146
Lake Keithchester, WV 87754",Evans LLC,David Rogers,336-395-6235
"139 Karen Village Apt. 498
Lake Ronaldmouth, KS 19647",Williams and Sons,Dawn Hubbard,+1-343-682-5523x18816
"678 Erica Manor
Sharonton, WI 48425","Morales, Smith and Medina",Morgan King,756.522.4047
"9587 Gaines Isle
Lake Andrewchester, NE 44995","Johnson, Harris and Oliver",Jack Sheppard,+1-360-414-2670x716
"3686 Sullivan Burg
Krystaltown, NE 32335","Bailey, Carpenter and Brooks",Deanna Perez,539.797.7188x8287
"504 Taylor Hills
New Matthewhaven, AR 96510",Gilbert-Mills,Veronica Perez,001-851-851-0325x651
"Unit 3488 Box 0651
DPO AE 40521",Williams PLC,Mary Bennett,(784)269-4284x08005
"8583 Rodriguez Heights Apt. 727
South Jerometown, KS 29383",Walker-Reyes,John Bennett,521-979-3653x86916
"5433 Ian Harbors
Port Phyllisbury, HI 07904",Vance-Lewis,Katherine Stafford,+1-374-221-3875x2620
"59565 Patrick Causeway
Durhamchester, KS 36444",Gonzales-Howard,Jane Harrison,001-496-789-1158x21593
"1624 Autumn Spur Apt. 065
West Emily, MS 27340",Kelley PLC,Douglas Summers,(273)998-5361x6732
"6457 Samantha Creek Suite 106
Warrenmouth, RI 70636",Gonzalez and Sons,Melissa Ramirez,001-313-496-2173
"19558 Dean Extensions Apt. 092
East Victoriaburgh, TX 68590",Powell PLC,Ruth Shelton,001-937-910-5508x001
"51735 Christopher Fords
West Amandafurt, MD 06060","Morgan, Curry and Taylor",Mitchell Lopez,726.927.9428
"645 Miller Well Suite 081
New Cindyview, NM 38445","Wise, Burke and Ball",Jerry Bradley,547-456-4940x44947
"74182 Stewart Plain
Jasonborough, NJ 10634",Singleton Ltd,Angela Sanchez,(677)917-6518
"USCGC Burns
FPO AA 98624",Villarreal Ltd,Sandra Brown,889-253-8042x307
"80909 Smith Courts
Michaelville, KS 04976","Moore, Lloyd and Foster",Nathaniel Hill,(476)795-9775x09698
"43489 Erika Row Suite 892
Port Calvinstad, SD 19518","Barrera, Howard and Pitts",Joshua Marshall,868-779-9262x5079
"881 Williams Forges
North Ronald, TX 02529",Zhang-Carter,Whitney Foster,489.748.0804x244
"11547 Bryan Creek
Herreraberg, KY 05592","Shepherd, Barnes and Pace",Christine Bennett,747-369-3489x2637
"35304 John Cove Suite 084
South Danielberg, PW 32083",Hurst LLC,Michelle Flores,223-777-1656x682
"65786 Brown Villages
Port Brian, TN 98751","Francis, Davidson and Lawrence",David Snow,212.709.0342
"605 Garrett Corners
Brownton, AK 87027",Harris-Nguyen,Michelle Fox,001-512-746-5653x14412
"675 Ross Haven Suite 447
Munozport, NH 67067","Bernard, Long and Sullivan",Sarah Watson,684.416.0846x17901
"28896 Franklin Ramp
Cochranside, ID 14023","Bowman, Wheeler and Bryant",Julie Cooper,+1-504-527-0598
"734 Cameron Burgs Apt. 257
Hannahport, CA 72288",Foster Inc,Sean Blair,001-650-859-5032
"1238 Brandon Motorway
Watkinschester, WY 21525",Mccullough Group,Michael Church,715-966-4648x247
"808 Nicholas Unions Apt. 524
South Brentmouth, SD 99657",Clarke-Glenn,Dr. Patricia Fitzgerald DDS,7112755502
"Unit 8443 Box 5531
DPO AA 31148",Whitehead-Stevens,Katherine James,538.706.4050x78142
"18270 Potter Garden
West Michaelmouth, RI 31465",West Ltd,Sherry Smith,4608805546
"6898 Paul Fork
Lisahaven, CA 91965",Evans Group,Michael Foster,829.608.8218
"79944 Brandt Islands Suite 027
Davidburgh, SC 72581",Brown-Deleon,Nicole Huff,(498)245-9937x6682
"240 Valencia Club
New Briantown, MH 46319","Walker, Grant and Wong",Timothy King,001-822-339-9492x017
"94593 Gary Rest Suite 017
South Brenda, OK 72254",Ross-Dodson,Rachel Jones,+1-814-600-0101
"4664 Maria Junction Apt. 047
Michelemouth, HI 73943",Harper-Atkinson,Robert Mercado,(975)434-9405
"4625 Paula Roads
West Emilymouth, TN 38964","Hamilton, Holmes and Cabrera",Gary Hill,810-210-4157x582
"406 Richardson Ridges
Ashleytown, OK 36979",Henry-Blanchard,Oscar Moore,678-599-3720
"268 Chavez Neck Suite 988
New Elizabeth, AR 22550","Lee, Torres and Thomas",Taylor Johnson,648.497.6607x60622
"031 Green Points Suite 963
Trujilloport, PA 59160",Parker PLC,Mrs. Amy Schwartz MD,943-207-9300x13151
"201 Diaz Corners Apt. 590
Murrayburgh, VT 43375",Meyer and Sons,Maria Jarvis PhD,249.668.1777
"83376 Christina Overpass
Port Cynthia, MI 85422","Lee, Elliott and Griffith",Jimmy Wells,2282895879
"642 Ashley Valleys
North Laura, VT 67039",Leonard-Bell,Michelle Alexander,688-865-9291x666
"58611 Kimberly Throughway Suite 124
New Benjaminmouth, TN 44944",Mccormick LLC,Lucas Monroe,3764111818
"887 Jennifer Fall Apt. 944
Thomasfurt, PW 07762","Jordan, Fowler and Werner",Claudia Johnson,914.921.3987x4490
"USNV Avila
FPO AE 11523",Spencer-Thompson,Timothy Ramirez,622-828-3370x015
"PSC 0925, Box 8729
APO AE 02974",Smith PLC,Jacob Everett,+1-837-207-9749x5737
"919 Lisa Inlet
West Nicholas, WV 12918","Noble, Klein and Foster",Christopher Kennedy,(344)871-8970
"PSC 1389, Box 7701
APO AP 99762","Chavez, Salinas and Glass",Laura Simon,001-953-293-4443x397
"USNS Booker
FPO AE 79645",Rodriguez and Sons,Scott Thornton,210.969.1646
"6198 Davis Drives
Russellton, MO 30590",Taylor-Pennington,Scott White,535.212.1005x58719
"2884 Doyle Mountains Suite 593
Lisaland, CA 25279",Le Inc,Tracy Flores DDS,(425)576-0505x61149
"870 John Loaf
Port Katie, CO 77477","Ford, Wilson and Ritter",Michael Hernandez,(346)205-8963
"99957 Kenneth Prairie
Veronicaview, WY 84749",Lucero-Mcclure,Jennifer Smith,572.460.6744x5571
"3303 Owen Views Apt. 318
Rogersville, NJ 45992",Kim Group,Margaret Mclaughlin,874-919-9559
"USNV Brown
FPO AP 43630",Bryan and Sons,Marie Hill,559.711.7043
"939 Connor Bypass Suite 848
Nicoleside, NV 09851","Lawson, Leach and Wagner",Jared Mckinney,447-337-9763x31444
"Unit 0444 Box 7450
DPO AE 03212",Payne Ltd,Daniel Smith,(787)410-0505x445
"49681 Eric Parkways Apt. 813
West Brianberg, ND 30576",Kelly-Thompson,Keith Smith,(612)975-6390
"33633 Matthew Expressway
Hudsonshire, OH 48072",Mullen LLC,Pamela Nash,001-971-357-5798x31269
"1079 Larry Mews
New Nathanfurt, ID 87781","Chambers, Thomas and Brown",Joe Reid,+1-987-884-7160
"5837 Alyssa Plaza Apt. 165
Rhondafort, GA 99546",Weeks-Bean,Kimberly Hull,+1-413-706-8809x334
"74880 Jeremy Well Apt. 990
Bethburgh, MN 58816",Berry-Roberson,Russell Martinez,358-542-0950
"278 Julia Crest Suite 045
Timothyshire, MP 91358",Elliott PLC,Sandra Melendez,698-426-6075x87194
"3761 Cynthia Camp
Elizabethbury, DC 04740","Hinton, Carter and Jones",Michael Nguyen,858.318.5136
"894 Debra Parkways
East Angela, WV 19026",Wilkins Group,Jennifer Perez,403-404-1603
"53413 Stephanie Parks Suite 226
Greenmouth, WI 84675",Roth-Webb,Jamie Walters,736.421.6025
"6432 Choi Mall
Stephanieville, MT 34469",Greer Group,Amy Kline,001-686-327-9898x6152
"55031 Romero Islands
South Heather, KY 13343",Woods and Sons,Stephanie Wall,+1-677-765-6456x6943
"USCGC Dawson
FPO AA 01278","Hill, Lyons and Turner",Erin Williams,810.390.0239x94714
"962 Ryan Falls
New Juan, MD 48107",Jones-Spencer,Robert Alvarado,807-616-7183
"7234 Elizabeth Drive
West Danielletown, MP 23199","Perez, Adams and Howard",David Mccarthy,001-592-239-5734
"7592 Dunn Gateway
Webbmouth, MH 09719",Henderson and Sons,Andrea Merritt,(438)309-7312x26537
"50609 Nicholas Drives Apt. 599
North Juanmouth, NC 45877",Jackson-Hamilton,Elizabeth Perkins,969.958.0203
"Unit 3335 Box 4666
DPO AP 02490",Edwards and Sons,Laura Miller,001-963-606-9048x0731
"0412 Alexis Harbors Apt. 022
West Kimberlybury, NM 93216","Ross, Terry and Smith",Jonathan Lee,(212)532-6742x187
"713 Alice Crescent
East Ryanborough, VT 82703",Oliver-Nelson,Crystal Thomas,001-901-359-0143
"861 Victor Falls
Cherylville, FM 01276","Golden, Salazar and Briggs",Kristina Robinson,700.660.7197x552
"1172 Andrea Camp Suite 113
East Maria, MN 85363",Miller-Woods,April Hamilton,001-836-505-2031
"378 Bell Row Suite 071
Lake Jose, OR 93040",Camacho-Torres,Rachel Murray,001-307-257-7609x3993
"767 Phyllis Shore
East Bonnie, MP 93790","Kim, Evans and Hall",Jill Medina,935.451.2782x131
"98828 Espinoza Garden
West Brianberg, SC 71057",Hanna LLC,Ashley Nguyen,001-524-510-8144
"295 Timothy Corner
Kristinaview, TX 58690",Reed PLC,Daniel Acosta,(307)831-4997x07088
"1062 Holloway Forks Apt. 297
Lake Beckyburgh, HI 93610",Chan and Sons,Taylor Maldonado,001-345-879-7482x89919
"80484 Jones Run
Alejandroborough, ME 07798",Dennis PLC,James Pratt,001-283-576-5934
"75060 Sandoval Cliffs Suite 902
Finleyhaven, FL 85682",Ross Group,Taylor Acosta,+1-940-664-6499x4547
"193 Amanda Crossing
Richardsonbury, AZ 10513",Jensen-Yates,Valerie Long,(568)404-5568x313
"922 Melanie Ranch
New Kathleen, AZ 23484","Barron, Powers and Ho",Michelle Hall,+1-630-212-4184x03934
"6172 Smith Causeway
New Michael, WI 30685","Lopez, Parker and Martinez",Rebecca Kane,001-590-681-2692x358
"062 White Shore Suite 871
West Alexander, IN 82884","Chambers, Dunn and Matthews",Amy Johnson,+1-856-541-3227x05561
"5106 Holly Village
Blackland, AK 92816",Nelson-Wilson,Mark Robinson,957.944.0144x4615
"7945 Benjamin Canyon Suite 060
North Stevenmouth, DC 98447","Farmer, Russo and Harding",Jose Tate,622.414.2213x65680
"37722 Ingram Trafficway
Juanfort, ID 86122","Pace, Reid and Carroll",Christine Howe,559.546.9139x8542
"38177 John Cliff Apt. 036
North Tammy, SC 54060",Moon Inc,Edward Cooper,7034299247
"058 Brown Cape Apt. 800
Doylestad, FL 32691",Patel-Kelly,Alexa Martin,+1-488-533-2864x80239
"87640 Santos Village
Melanieport, DE 51180","Bass, Sellers and Warner",Kelly Robinson,648-543-8087
"021 Schwartz Mountains
East Thomas, MH 05870",Thomas-Moody,Brenda Porter,4567573390
"401 Clayton Squares
New Tonya, PR 19656",Santiago and Sons,Dustin Rich,5443626950
"7278 Norma Lakes Apt. 540
East Alejandro, LA 18831",Thomas and Sons,Richard Robles,620.978.2897
"653 Billy Squares
Kaitlynmouth, ND 73222",Gardner Ltd,Gina Ford,266.210.8153x439
"6300 Aaron Corner Suite 874
Garytown, DC 13451",Bean-Villa,Stephanie Miller,(419)248-2907x02365
"3475 Jensen Knoll Suite 146
Lake Amandafurt, TN 32623",Ellis-Weaver,Michael Hart,998-904-0732x64145
"992 Smith Turnpike Suite 505
Port Jessicaland, GU 89552",Rangel-Butler,Ashley Wade,805.686.5335
"109 Wheeler Cliff Apt. 996
South Aaron, NE 89478",Wilson-Reynolds,Melissa Oconnell,470.950.8976
"35133 Moore Pines Suite 521
New Kim, NY 28891",Fernandez-Sawyer,Todd Woods,650-700-7165x6796
"26205 James Turnpike
Darlenestad, IN 57894","Smith, Meyers and Green",Courtney Ward,847.581.3161
"57627 Hunter View Suite 744
East Garychester, AS 45581",Holder-Buck,Kevin Taylor,970.274.4665
"38279 Kelly Circles
Port Carloston, VI 84277","Hull, Houston and Kelly",Julia Schaefer,(769)560-8781x9982
"73066 Vargas Field
Saraberg, ID 64257",Daniels-Bauer,Martin Carroll,001-530-378-1627x835
"70303 Richard Road Suite 802
Port Jessicaville, NE 02715","Rice, Johns and Graham",Jessica Weaver,645-313-7707
"596 Barnes Parkways Apt. 917
South Nathan, RI 55348",Taylor Group,Dalton Conway,801-219-7573x79259
"15375 Cook Rapid Apt. 568
Josephstad, CO 69068","Combs, Nelson and Miller",Marcus Brown,001-546-777-4882x55951
"583 Wendy Squares
Aaronhaven, SC 47934",Mccarthy Group,Ronald Davila,(863)583-1873
"284 Anthony Rapid
Elizabethstad, ID 67726","Schwartz, Becker and Gonzalez",Christopher Chambers,(734)590-9168x569
"0101 Torres Parks Suite 514
South Stephenberg, WA 38554",Harris LLC,William Peck,001-916-297-5213x7828
"45776 Darrell Ranch Suite 208
Alexaland, IL 57746",Bolton-Burgess,Crystal Hernandez,001-581-370-6171x6457
"2085 Amanda Port
West Johnfurt, KS 59104","Mathews, Clarke and Smith",Joshua York,795.665.2012x57858
"7859 Joseph Spring
Lichester, OH 79261",Ashley-Mejia,Nicholas Lee,001-641-514-6857
"23112 Meyers Canyon
North Jessica, NY 75903","Madden, Turner and Santiago",John Robertson,+1-405-215-4574x927
"11515 Yates Harbor
Leeton, CA 38651",Patel-Wilkins,Jodi Hess,373.919.6308x90172
"731 Lisa Park
New Wesleyton, OH 95946",Watts-Shepherd,Cody Stevens,235-407-6580x89694
"2441 Jones Well Apt. 626
Johnfurt, LA 83029",Garza PLC,Christopher Joseph,001-664-381-5798x830
"688 Boyd Groves Suite 710
North Tinabury, VI 72968","Simon, Rogers and Evans",Christopher Payne,001-489-230-8801x93060
"5763 Kelly Plaza Suite 870
Lake Robert, MO 02049","Daniel, Solomon and Bennett",Danielle Powell,+1-563-405-0208x20137
"140 David Row Apt. 158
Lake Matthew, KS 88926",Alvarado LLC,Elizabeth Thomas,(251)485-9157x6496
"22335 Gregory Passage
Donaldview, HI 21982",Burke Ltd,Andrea Collins,601.450.2498x2877
"1160 Manning Harbor Suite 785
West Cole, AS 56662",Skinner-Rhodes,Maria Miller,277.519.8393
"USNV Murphy
FPO AE 96921",Patrick PLC,Melissa Rogers,4445325573
"421 Kathryn Gateway Apt. 156
North Julie, IL 14885","Ramos, Mack and Spencer",Elizabeth Bennett,823-976-6157x1046
"01328 Jeffrey Dam
New Maurice, ID 82432","Andersen, Williams and Contreras",Nancy Moore,888-642-5601
"143 Tonya Club Suite 286
Austinfort, WY 42768",Booker-Dickson,Nathaniel Freeman,+1-290-335-4925x09433
"04768 Garcia Plain Suite 170
North Walter, VI 45365",Santana LLC,Angel Young,001-219-923-6179
"75970 Kathryn Run Suite 547
South Nicoleville, HI 29312",Payne Group,Alan Perez,3795357482
"61689 Holly Mall
Rodrigueztown, NC 83775",Ramsey Ltd,Rachel Roth,(346)682-3446x699
"11030 Amy Meadows Apt. 921
West Raven, MO 60257",Lambert Ltd,Ann Schaefer,+1-784-333-6651x899
"096 Barker Bridge
Riverashire, MA 31602",Reese Group,Mr. Howard Anderson,(987)865-2623x511
"61233 Burton Glens
Garciamouth, GU 68655",Love LLC,Barbara Cortez,882-680-5462x8204
"61311 Hogan Fall
North Samanthafort, HI 95391","Martin, Ross and Tran",Kimberly Moore,+1-884-720-1801
"394 Cooper Turnpike Suite 333
Brownberg, CT 54307",Hubbard-Lyons,Theodore Cameron,730.791.6378x993
"595 Maria Springs Suite 086
Mariabury, ID 89638",Howard-Walker,Jessica Holland,+1-500-835-3997x074
"210 Lowe Roads
Smithshire, SD 90298",Strong-Ray,Amy Stevens,333.358.5438x4605
"386 Krystal Pass Suite 679
Lake Paulside, NH 10036","Harris, Oliver and Brown",Rachel Swanson,001-755-752-5075
"27147 Cynthia Fort
Michaelville, DC 42762",Williams-Howard,Renee Gross,+1-445-253-2099
"68493 Debra Station Suite 593
Petertown, PR 23518",Hernandez-Campbell,Angela Young,+1-648-871-0976x6887
"749 Johnson Camp Suite 016
Millerville, AK 94881",Nelson and Sons,Daniel Duffy,(846)417-1221
"392 Adkins Corners Suite 699
Jamesburgh, AL 29095",Graham PLC,Caitlin Molina,614-459-9000
"213 Michael Trace
South Stephenchester, VT 31095",King-Oliver,George Ortiz,(584)307-1599
"965 Rivera Plaza
Jamesview, PW 78638","Smith, Kim and James",Joshua Mills,(394)621-0978
"52516 Peters Ridges Suite 660
Port Paulashire, TX 72282",Daniels-Neal,Kristen Turner,249-344-6315x4432
"31952 Michelle Pine
South Richard, NJ 81624",Frank Group,Kevin Hughes,001-465-834-4384x33114
"368 Carter Camp Suite 821
West Matthew, VT 45678",Davis-Steele,Daniel Rice DDS,+1-977-490-7352x39900
"18334 Gill Unions
North Jeffery, WI 34825",Jones-Horton,Clifford Johnson,854-397-2070x8072
"3860 Brock Hills Suite 905
Port Thomaston, PW 81803","Lutz, Marshall and Brown",Evan Fernandez,2135268746
"9828 Rojas Vista
Markton, ID 29073","Williams, Allen and Bryant",Sherry Howard,001-914-880-7857
"689 Cervantes Burg
West Kellyville, KY 11225",Wilson PLC,Nicole Jimenez,817-271-4506
"025 Hoffman Light
Kennedymouth, MP 48551",Harding-Dominguez,Jessica Stevens,817.455.3825x26145
"271 Garcia Mountain
North Adriennebury, RI 04205","Walker, James and Pena",Debra Moore,(583)202-0816x4752
"USNV Mitchell
FPO AA 50480","Hayes, Mcdonald and Lester",Michael Klein,001-878-606-1050x480
"33172 Leonard Green Apt. 694
Stephaniehaven, OR 53694","Carr, Knox and Mccarthy",Natalie Smith,779.699.4374x68191
"30894 Loretta Summit
Lake Christianport, ID 92777",Davenport-Brown,Rhonda Hubbard,384.987.3716
"31851 Joseph Groves Suite 739
Port Williamhaven, ID 86689",Ochoa Inc,Tracy Miller,(315)452-7780
"19014 Davis Falls Suite 602
Lake Jasminehaven, AZ 00814",Barnes-Snyder,Tammy Clayton MD,(454)248-0483x435
"021 Margaret Trafficway Suite 536
Shawnhaven, ID 28193",Brown Group,Jerry Simmons,(237)268-3283x916
"1994 Wilson Alley
Sarahmouth, UT 52009",Thompson-Shelton,Annette Davis,694.555.2358x278
"6616 Michelle Village
South Joshuaport, DC 16491","Scott, Miller and Anderson",Mr. Ronald Rivera,(921)428-0257
"28869 Yolanda Heights
Sandrastad, SD 59606","Hudson, Shelton and Mcgee",Anita Evans,(477)296-8902x55425
"9088 Ruiz Route Apt. 457
Martinbury, AZ 68820",Herman Group,Cindy Flynn,339-368-7586x8846
"24565 Anthony Course Suite 891
North Matthew, MA 87025","Roberts, Moore and Hanna",Adriana Herrera,001-798-990-8653x03144
"489 Max Mountain Suite 274
North Emilymouth, IA 39395",Martin-Higgins,Rhonda Gordon,001-591-929-2827x672
"656 Jack Port Apt. 641
Barrerabury, NH 35632",Santiago PLC,Brittney Perez,483.653.7931x94219
"77255 Lopez Oval Suite 404
Johnsonshire, AL 43544","Leonard, Lewis and Hart",Megan Wilkins,384-582-7469x93115
"6100 Desiree Drive
Chloefort, RI 48500",English Group,Nicolas Smith,366.413.8625x1358
"4941 James Corners Apt. 724
Grantmouth, IN 14452",Green-Cortez,Scott Weeks,346-249-3613
"99222 Drew Fork
Port Heather, ME 27070",Flowers Inc,Mark Wilson,746-949-6432x36259
"779 Hendricks Springs
Meyerview, NC 23115","Garcia, Graham and Shaw",Lori Parks,(698)527-3481x67451
"54786 Brad Landing
North Chadhaven, NJ 55975","Villanueva, Munoz and Brown",Robert Jones,507-339-6283
"14073 Robert Spring
Torreschester, WA 60331","Meyer, Thompson and Mcguire",Jeffery Cole,505.441.8529x528
"PSC 6644, Box 7375
APO AE 84027","Lopez, Parsons and Figueroa",Veronica Fitzpatrick,615-500-2520
"65995 Bowman Views Apt. 960
Popechester, FM 69178",Gentry-King,Denise Oliver,(951)352-8886x18957
"247 Jennings Wall Suite 447
Marissastad, VT 36597",Smith Inc,Christopher Morris,001-436-772-1792x6185
"282 Eric Forges Suite 781
Elizabethfurt, TN 48698",Dillon-Kline,Edward Ayala,556.918.9926x47501
"827 Bush Ranch Suite 213
Brownfort, MH 75912","Walker, Chambers and Henry",Stacy Sanders,624.760.6411x14108
"1879 Johnson Rest Suite 872
Thomastown, MT 31124",Williams-Davis,Andrew Mann,262-705-2946
"49227 Ryan Ports
New Walterton, ND 01534","Garrett, Taylor and Brennan",John Hardin,(793)645-2400x3071
"32715 April Row Apt. 212
Kellyport, CT 96915",Sherman Ltd,Rebecca Herrera,343-256-1278x100
"903 Derrick Parkway
Haroldberg, IN 15788",Smith-Garcia,Patricia Todd,552-775-6337x6574
"PSC 7627, Box 1777
APO AA 52390",Dunn Ltd,Zachary Barajas,2145044085
"2876 Nancy River Suite 078
Moodybury, IA 08246",Haynes-Santos,Shawn Rodriguez,+1-599-353-2062x7096
"91880 Harris Bridge
South Maxfort, DE 41442",Delgado-Moran,Ashley Washington,+1-809-946-7908
"00135 Kelly Loaf Apt. 724
New Kara, HI 15951",Ashley and Sons,Alexander Torres,594.323.2204
"353 Cervantes Springs
New Susan, IL 42184",Lewis LLC,Frances Williams,493.270.4177
"34267 Mary Island
South Davidhaven, MN 33936",Anderson Inc,Henry Caldwell PhD,+1-751-722-8939
"605 Lindsay Common
North Karen, CT 29204",Baldwin-Wright,Wayne Torres,001-752-915-8318
"96144 Poole Plain Suite 246
Wellsburgh, AZ 29079",Martin and Sons,Beth Michael,731-531-9255x01667
"447 Buchanan Course
New Michaeltown, ND 06783","Miller, Collins and Sims",Brandon Schmidt,(597)676-4893x240
"084 Alexander Ridges Suite 594
Laurieberg, DC 07017",Robinson Group,Jennifer Mitchell,487-746-6758x3336
"0481 Miller Drive
South Richardchester, TX 66093","Vega, Klein and Rogers",Bryan Smith,+1-292-667-6079
"9859 Katherine Plaza Suite 690
Port Josephbury, AR 52927",Cruz-Miller,Amanda Rivera,(538)277-9280x187
"185 Jennifer Corners
Port Matthewstad, OK 70968",Dennis LLC,Robert Kelley,+1-402-204-8104x758
"3889 Sarah Mission Suite 013
West Shari, RI 47845","Foster, Harrington and Sharp",Roy Neal,(320)793-4217
"53306 Wright Harbor
New Pamela, LA 86280",Wilson PLC,Susan Rogers,(969)356-2793x52400
"433 Thomas Port
South Jackville, WV 94480","Cruz, Hodge and Martin",Janice Lewis,717-290-8543x41255
"3059 Fernandez Turnpike Apt. 674
Joelview, PW 13002","Ramirez, Miller and Hamilton",Zachary Lindsey,996-202-8941x697
"354 Sandoval Rapid Apt. 833
Tinaville, CT 42379","Sawyer, Taylor and Kelley",Taylor West,636.397.3229
"5311 Sydney Views Suite 710
Torresview, VA 72890",Cain-Wright,Matthew Davis,636-321-1782x0150
"0245 Green Lakes Suite 856
Reesemouth, GA 34077",Lane-Hall,Scott Fleming,001-317-320-7088x688
"16805 Goodman Stravenue
Port Lindseyview, NE 10409",Bishop-Moore,Rebecca Washington,9104407826
"6422 Daniel Tunnel Suite 127
Ramirezhaven, VI 95117",Spears-Stevenson,Melissa Alexander,876-799-7667
"6133 Buchanan Curve Suite 341
Petersonview, NM 07202",Thomas LLC,Holly Lowe,621-912-6460x99687
"39218 Andrew Row Suite 892
New Theresa, WY 97152",Hood-Murray,Diana Mcgee,798-575-1988x400
"09228 Shepherd Stravenue
Freemanville, OR 16833","Long, Walker and Weaver",Deborah Rodriguez,904.736.1052
"603 Cassandra Wells Apt. 167
Hicksview, GA 85703",Allen LLC,Michael Jones,(493)531-4378
"673 Robin Trail Suite 944
Josephview, MN 80137",Harris-Bowen,Heather Glenn,798.971.3125x2650
"351 Allison Lane
New Maria, CA 19105","Nelson, Hall and Walker",Eric Cooper,+1-208-583-8977x0826
"6800 Harrington Club Suite 516
Davidville, ME 80079","Ashley, Woods and Williams",Brian Fletcher,662.991.5710
"69810 Jasmine Lake Apt. 591
Robertchester, MT 35856",Morrow Inc,Jesus Garcia,473.925.3851x03274
"1572 Eric Cove
Port David, FL 72561",Martin Ltd,Timothy Johnson,288.304.5883x231
"8190 Rachel Islands Apt. 121
North Crystalchester, MS 21175","Smith, West and Harper",Michael Hughes PhD,465-585-4276x8493
"PSC 5764, Box 4792
APO AP 85078",Moss-Thompson,David Vargas,531.560.7797x20784
"559 William Ferry Suite 245
Rachelfort, PW 46948",Gates-Perry,Alexis Benitez,+1-446-940-4950x0727
"47499 Smith Village
Foxshire, RI 74766",Sweeney-Hughes,Cole Vincent,+1-342-756-3577x0235
"492 Daniel Junction Apt. 178
Lake Eric, OH 81027",Lee Group,Scott Thompson,+1-348-912-5501x3340
"USNV Dawson
FPO AE 15494",Coleman-Ellis,Jennifer Erickson,870-945-1998x8142
"6136 Rogers Spur Suite 032
North Lisamouth, WV 26600",Bennett and Sons,Christina Morrow,969.460.9573
"PSC 0494, Box 6847
APO AE 21857",Parks-Maddox,Ian Scott,318-626-7576x16955
"4791 Young Walk
Simonhaven, KS 58409",Dudley Group,Stephen Carter,959-987-4445
"30967 Nguyen Roads
Kylestad, OH 12243",Martinez LLC,Steven Smith,9617672306
"810 Stevens Motorway
Lake Cameronborough, MA 76837","Dean, Silva and Pratt",Steven Williams,958.350.0003x9863
"03600 Nicholas Branch
Cannonchester, IN 42384",Miller-Reyes,Joseph King,(329)763-2359x421
"548 Shelton Lights Suite 947
Ericbury, MD 62022","Harmon, Hall and Mccormick",Mrs. Morgan Herrera,(270)698-7545
"692 Richard Port Suite 660
New Jessica, UT 05810",Brown Inc,Jill Cooper,(589)285-8097x310
"068 Brad Mountains Suite 237
Riveramouth, MI 18672",Rojas-French,Peter Howard,737.927.6254
"0600 Howard Mills Apt. 871
Allenton, AK 83121",Vega-Cruz,Caleb Richardson,496.842.7620
"085 Fischer Overpass Suite 324
Jonesville, KY 35707",Weaver-Glass,Ashley Clark,+1-713-523-9739
"7852 Ramos Throughway Apt. 232
Wilsonmouth, VT 99743",Thomas LLC,Monica Torres,961-937-8628x2084
"624 Lynn Plaza
Port Robertashire, CA 80798",Kelly and Sons,Gina Adams,001-395-872-3289x29328
"24293 Giles Shoals
North Kathryn, AS 11256",Nunez Inc,Nicole Nolan,943-272-9184
"1088 Williams Turnpike
Michaelberg, VI 62149",Perry-Elliott,David Bailey,3247135348
"PSC 4999, Box 6374
APO AP 15004",Aguirre-Woods,Amy Schultz,001-370-415-5366
"Unit 8241 Box 2879
DPO AA 37406",Johnson Ltd,Jeffrey Rivas,(558)310-4240x5625
"812 Andrea Common
South Andrew, CO 83886",Terry Ltd,Antonio Martinez,(925)370-6291
"187 Whitney Vista Apt. 337
Newmanberg, VT 39045",Ray-Leon,Arthur Davis,331.913.6777
"127 David Rapids
Lake Stacie, NM 26510","Andersen, Martin and Wolfe",Christopher Ford,246-729-1375
"987 Snow Spring
Emilyshire, SC 17081","Johnston, Thompson and Smith",Michael Torres,853.823.4287
"65905 Carey Springs Apt. 615
Sanderschester, ID 51307","Campbell, Woods and Barnett",Mr. Steven Hardy,561-994-7876
"7496 George Causeway Apt. 222
Lindaview, MN 80521","Elliott, Chapman and Robinson",Jennifer Lewis,(326)974-7424x4868
"7030 Nicole Fort Apt. 970
North Victoria, ID 67123","Wilcox, Day and Landry",Gabriel Williamson,001-233-880-9805x03814
"USNV Lee
FPO AP 86839","Taylor, Moreno and Hamilton",Marcus Flores,+1-466-464-6300x16998
"4084 Hogan Terrace
New Allisonbury, OK 30589","Newton, Conley and Weber",Glenn Howard,6136815887
"7462 Foster Villages Apt. 101
Laurenmouth, GU 61856",Montes PLC,Ronald Carrillo,+1-856-780-1640x6811
"196 Jeff Mills
Courtneystad, DC 37999",Suarez PLC,Dr. Anthony Sanders MD,337.972.5755
"4874 Sarah Cape Apt. 904
North Sherylview, SD 97607",Keith-Thompson,Alexandra Patel,(330)729-5984x2379
"854 Mason Spring
West Elizabethborough, WI 19633",Hicks Ltd,Natalie Le,616.440.8136
"23867 Hudson Fall
East Matthew, OH 92245","Vaughn, Evans and Hall",Brian Dean,(953)551-7061
"1429 Cohen Ridges Apt. 954
Port Cameron, WA 75383",Diaz Inc,Laura Edwards,312.879.7263x5561
"63529 Wells Crest
Timothystad, CT 79670",Greer-Brandt,Brandy Pittman,(713)607-1670
"47760 Lauren Center
Lake Joshua, CT 47960","Marshall, Gonzalez and Goodman",Eric Weber,(531)470-3739x733
"545 Washington Common
Port Johnborough, LA 07902","Chen, Brown and Andersen",Joy Hines,(469)405-1352x171
"8491 Daniels Pine Apt. 231
West Williamtown, ID 13269",Brown PLC,Sheila Carr,(651)228-5906
"2724 Cameron Drive Apt. 665
Andersonshire, MP 19015","Valdez, Spence and Durham",Christopher Todd,824-719-9478x938
"112 Sarah Pines
Trujilloburgh, KY 50841",Brown-Combs,Heather Ford,+1-730-228-7109x4752
"404 Faith Trace Apt. 183
South Carolineview, ND 85250",Tran PLC,Carly York,321-552-9108x26613
"74700 Johnson Forks
Bartonville, AS 74489",Nguyen-Brennan,Richard Mason,958.323.3026
"USCGC Gilbert
FPO AA 85474",Zamora Group,Mike Kirby,001-461-352-0380x55704
"27411 John Plain
Jenningsstad, ID 60300",Collins LLC,Patrick Dean,(898)460-0311x5424
"87504 Robert Valley
Jenniferport, DE 84792",Jackson-Leonard,Randall Rodriguez,(740)512-7146x766
"5975 Brown Island
Brightborough, NH 55638","Hill, Wiley and Hall",Gabriel Thompson,2582279536
"657 Hoffman Grove
Michaelland, MI 21096",Mccarthy PLC,Brittany Young,+1-254-288-9066x6339
"505 Flores Mountains Apt. 023
Alexandriafurt, AR 09495",Hendrix PLC,Charles Lowe,9973613862
"1595 Butler Haven
Sanchezville, NE 61397","Molina, Dyer and Mcmillan",James Patel,335.694.6106x34032
"1993 Norris Mall
East William, OH 28913",Hall Group,Charles Riggs,+1-465-294-5687x906
"419 David Neck Apt. 224
Wileyside, WV 64690",Mccarthy-Gomez,Samuel Diaz,(699)948-0924
"USS Sherman
FPO AP 07781","Shelton, Francis and Mcdaniel",Kimberly Hamilton,+1-739-879-3030
"10893 Joseph Forest Apt. 852
North Anna, WI 54608","Rodriguez, Green and Hill",Abigail May,277.704.9534x765
"564 Bailey Terrace
Velasquezville, MA 06438","Fry, Donovan and Estrada",Jill Miller,(894)574-5057x059
"81457 Rachel Valley
Lake Jacobmouth, AL 17397",Fry and Sons,Diane Vazquez,+1-563-462-3854x54317
"81818 Lisa Springs Apt. 955
South Vickistad, IL 90507","Montoya, Shepherd and Barrett",Stephanie Davis,(268)467-5677x548
"7103 Browning Springs Suite 499
Williamside, IA 91764",Johns and Sons,Brittany Thompson,646-271-3288
"10707 Howard Bridge Apt. 140
Kirkside, VA 99586",White-Hardy,Miss Lindsay Marsh,2582383202
"59486 Amy Green
Lake Manuelport, NV 95052","Lopez, Cortez and Sanchez",Christopher Morrow,607-374-9047
"9154 Alyssa Union Apt. 266
Yolandaville, MS 04709","Ruiz, Thompson and Alexander",Robert Murphy,3702360794
"691 Kaitlyn Forge
New Katherine, TN 06087",Cooley Ltd,Victoria Torres,001-245-854-1172x486
"458 Sarah Meadow
South Laurahaven, DC 28853",Villarreal-Fowler,Keith Lindsey,001-853-773-6552x4500
"0676 Desiree Gardens Suite 282
East Jamesburgh, SC 52432",Morton-Kelly,Robert Moore,(313)854-8000x684
"12039 Farley Squares Apt. 503
East Sheenafort, NC 20362",Campos-Hunter,Becky Phillips,+1-676-324-0489x78782
"482 Mitchell Avenue Suite 811
South Valeriemouth, CA 91665",Taylor-Jackson,Jessica Evans,319.415.8644
"941 Kevin Isle Suite 684
North David, AZ 85541",Duke-Doyle,Louis Duran,(694)987-1478x481
"902 Shannon Junctions Suite 280
West Frankport, NJ 11984","Martin, Savage and Preston",Amanda Hayes,(258)204-0874x50604
"35310 Carr Grove
New Joseview, MP 41907",Perez Ltd,Mary Garcia,(409)370-8548
"5361 Salazar Mountains
Lake Amanda, WA 44254",Burton Ltd,Thomas Nguyen,8113344193
"1781 Taylor Islands
Hillchester, TN 58445",Anderson-Neal,David Horton,232.292.5798x851
"7377 Lori Islands Suite 644
Port Allenbury, MT 38397",Blanchard-Cherry,David Steele,890.387.3892x70162
"80084 Kenneth Field
Port Jillview, MD 58782",Lee-Martinez,Steven Hubbard,001-268-515-3194
"774 Adam Ferry
West Elizabeth, VI 47323","David, Wilson and Cherry",Ronald Stanley,001-294-834-8243
"7531 Tyler Field
Christinamouth, NH 76006",Weaver Ltd,Timothy Gonzalez,378.762.4032x866
"Unit 0710 Box 2223
DPO AP 11741",Hardin-Stevens,Paul Fields,359.570.2902x6591
"6914 Patricia Mountain
Stanleybury, OK 31631",Carter Inc,Nancy Kirk,+1-769-535-5424x399
"48402 Amber Inlet Suite 051
North Elizabethton, HI 45418","Adams, Williams and Silva",Barbara Mcdaniel,487-438-7243
"98414 Emily Well
Port Vernon, FM 47210","Miller, Sanchez and Love",Kyle Graham,(859)410-8685
"465 Keith Curve
Butlerfurt, WA 56472",Adkins Inc,Alan Craig,286-361-0373x466
"10987 Samantha Walk Apt. 651
Teresamouth, MS 82688",Martin-Williams,Kathleen Mcdowell,+1-606-406-9389x423
"3763 Gonzalez Harbors Suite 250
Port Gregory, HI 41481",Booker and Sons,Jennifer Perry,965.227.2411x9268
"9897 Matthew Lake
Port Lisaton, CO 50359",Scott-Walker,Tyler Ellis,(825)468-9681x68314
"540 David Overpass Suite 811
Murrayborough, OR 13857",Baker-Peterson,Veronica Owens,218-681-8648
"80225 Werner Mills Apt. 010
Lake Nicolas, TX 28941",Morales-Rowe,Sandra Burke,(621)737-1725x767
"27134 Bennett Ridges Apt. 647
West Philipview, ID 89549",Leonard-Huynh,Michelle Powell,(801)324-2355
"47692 Marks Fort Suite 296
New Nicholas, NE 34993","Larson, Haynes and Alvarado",Robert Jackson,9535576394
"712 Angela Drive Apt. 457
New Danielleview, RI 89520",Villanueva-Lee,Emily Daniel,+1-241-888-1546x0243
"101 Bailey Trafficway
North Rachel, CO 79586",Wiggins-Price,David Bradshaw,+1-476-281-5069x77983
"426 Mark Loop
Newtonstad, AL 12423","James, Hall and Alexander",Katherine Colon,430-800-7053x89799
"PSC 3304, Box 0082
APO AE 37674",Haley-Gilbert,Jacob Williams,453.908.1456x9434
"PSC 3155, Box 1878
APO AA 60923","Williams, Montes and Williams",Cassandra Cook,4652825875
"0167 Oliver Plain Suite 124
Port Lisa, KS 96962",Faulkner-Hernandez,Diane Clements,+1-982-269-4566
"38875 Hutchinson Lodge Suite 484
Port Mariahmouth, WY 74493","Gordon, Frye and Simon",Melissa Bowen,839-530-4046
"9668 Davis Manor
Port Matthewborough, SD 84290",Snyder and Sons,Elizabeth Edwards,(860)705-1062x337
"3365 Howard Forge Suite 390
Donaldshire, OR 34659",Lewis LLC,Jessica Morales,+1-425-993-4892x76756
"0036 Rogers Mountain Suite 814
Floresland, ND 21774",Huang-Simmons,Darlene Hoover,+1-417-783-8718
"628 Martin Bypass
Meganberg, ME 86596",Henry-Parker,Jerry Kelly,720-310-8659x1319
"PSC 2254, Box 5247
APO AP 23601","Cox, Brown and Mullins",Luke Miller,627-299-1766
"73056 Bradford Springs Apt. 049
Bradleystad, NC 37875","Collier, Tran and Finley",Jasmine Ellis,3733945022
"98145 Briana Meadows Apt. 429
Port Tylermouth, HI 21087","Boyd, Clark and Marshall",Christian Mcdonald,440.323.2214
"969 Anthony Union
Seanside, NY 45143","Perez, Harrington and Ray",Kyle Elliott,984.304.3930
"2546 Haynes Valley
Lake Stephanieview, FL 15096",Parker-Clark,Mrs. Melissa Parker,501-480-1314x6932
"3120 Walton Lodge
New Darleneport, WY 57409",Hubbard LLC,Michelle Bright,001-460-286-6356x20277
"690 Meza Spurs
South Tammyside, MD 73641",Miles-Young,Jennifer Wood,535.804.8209x965
"3445 Reynolds Stravenue Suite 792
Lake Catherine, AL 64973","Ramsey, Andersen and Davis",Anthony Wilkinson,+1-679-211-9555x83781
"39811 Mcmahon Highway
Mollyville, RI 10446",Robinson-Simpson,Benjamin Schmidt,741-793-4155
"0504 Christopher Neck Apt. 116
Lake Angelatown, AR 27122","Morgan, Hughes and Jones",Tina Watkins,(826)905-9184x6367
"618 Schroeder Prairie
North Roberthaven, WY 09067",Rivers-Gibbs,Alyssa Ferguson,405-616-6170x01771
"64322 Villarreal Radial
Melissabury, GA 54533",Williams LLC,Stephanie Henderson,001-200-701-4886
"89035 Tyler Grove
Rosemouth, VA 75426",Jordan-Baker,Erica Barnes,001-245-418-5914
"4848 Stacy Harbors Suite 341
Holmeshaven, OK 54658","Jackson, Roberts and Frazier",Ashley Reid,822.317.1706x8505
"96410 Bruce Drive
Bowmanhaven, FL 33285",Jones Ltd,Thomas Anderson,310-911-7636x65135
"9374 Jason Summit
Franklinmouth, ND 88616","Jones, Klein and Sanders",Suzanne Gray,836.427.2304x028
"359 Robinson Bypass Apt. 279
East Jenniferborough, ME 79792",Fletcher-Hickman,Todd Rowe,001-255-733-1753
"9713 Patrick Prairie Suite 612
East Katherine, NM 55232",Richardson-Johnson,Scott Lopez,(259)513-7911x18923
"USCGC Guzman
FPO AE 49124",Mosley-Thomas,William Howe,675.777.3020x41256
"84804 Green Hill Apt. 615
Hollowayhaven, MP 74683",Lee LLC,Andrew Mccarthy,382-774-9565
"37510 Xavier Flats Apt. 823
Lake Marissaport, KS 73606","Peterson, Castro and Adams",Douglas Powell,801-383-6954x67240
"259 Sarah Route
Whiteview, KS 88635","Smith, Jenkins and Anderson",Kenneth Brown,282.813.3188x47871
"12474 Henderson Pike
Lorraineland, WY 92920",Owens-Robinson,Kelsey Jackson,(631)953-6017x6044
"7942 Martinez Plaza Apt. 811
East Christineberg, MO 82501",Smith-Clark,Dean Wright,+1-884-650-2538x61215
"19514 Fleming Fields
South Julia, PR 26607",Dillon-Martinez,Victoria Kelly,001-808-207-1415x01673
"694 Olson Crossroad
Port Steven, GU 32743",Thomas LLC,Carlos Lee,301.552.6649x419
"5074 Christine Gateway Apt. 029
West Lorraine, TN 54696","Goodman, Trujillo and Evans",David Graham,779-493-3770x87944
"297 Harrington Parkways Suite 448
Port Gregory, IA 26968",Patel-Gonzales,Rebecca Simpson,001-336-588-4119x9200
"4283 Bonnie Meadow Apt. 052
New Kaitlynburgh, LA 96307",Johnson Ltd,Riley Campbell,001-470-990-1013x9488
"USNS Davis
FPO AA 29175",Cervantes Ltd,Nicole Ruiz,+1-659-234-0061x208
"5747 Suarez Green Suite 398
Mauricestad, ND 96278",Henry-Patton,Ricky Rich,875-564-8693x0266
"472 Rachel Terrace Apt. 570
New Laura, GA 76245","Edwards, Hooper and Davis",Jessica Chavez,+1-841-706-3669x35848
"0119 Sandra Streets Suite 839
North Gloria, SD 09317",Brooks and Sons,Cynthia Hughes MD,930.915.6412x6730
"30009 Nicole Brooks
East Derekchester, OH 40644",Blake LLC,Russell Chavez,408-944-8572x01623
"15644 Christy Club
North Jamesfurt, WA 57551","Santana, Soto and Wilson",Julie Shepard,(767)685-0043x25983
"7563 Lamb Station Suite 426
Wayneton, MA 66779",Wagner LLC,Christina Turner,(904)343-9741x75377
"305 Harvey Bypass Apt. 723
Jenniferberg, SD 73584",Hernandez Ltd,James Cruz,(510)639-9590
"73270 Burch Route Suite 774
Kaylaside, OR 39123","Massey, Moore and Martinez",Jasmine Lopez,(723)833-6701
"150 Johnson Valley
Huangfort, AL 22822",Zhang LLC,James Vasquez,+1-919-920-2272
"Unit 1736 Box 0490
DPO AP 46042",Orozco Group,Travis Washington,+1-757-330-4894x19415
"24428 Carter Crossroad
Stephanieview, DE 36990",Collins-Miller,Ryan Hayes,+1-386-996-0073x897
"309 Tammy Dale Suite 814
Colonland, PA 34372",Ware-Davis,Zachary Peterson,001-871-273-6956x55821
"22752 Sloan Flats
West Catherine, AK 24927",Baker and Sons,Richard Perry,(714)829-9125x77840
"6592 Gregory Throughway Apt. 348
Jessicabury, ID 60971","Hogan, Hunt and Calhoun",Aaron Murray,(975)489-6810
"874 Theresa Manor
Carlhaven, MN 13056",Hill and Sons,Timothy Nelson,001-604-574-0173x1512
"369 Tiffany Island Apt. 390
Roachside, NJ 12109",Wong Ltd,Mrs. Angela Deleon,(370)322-0912
"95432 Jacob Bypass Suite 617
Mirandaport, AL 87338","Merritt, Mcclain and Fernandez",Phyllis Powell,(368)246-6476
"4174 Lisa Roads Suite 822
Myersland, GA 44742",Miller PLC,Allen Callahan,+1-653-289-5825x1261
"9953 Christian Courts Apt. 989
West Marilyn, RI 10220","Bailey, Perkins and Rowland",Billy Kelly,+1-619-823-9601x687
"USS Day
FPO AP 79566","Robinson, Duncan and Ellis",David Taylor,(944)274-3749x031
"Unit 7382 Box 4955
DPO AE 20241",Lin-Reed,Dana King,666.299.3876
"71365 Martin Valley
Lake Matthew, DE 32580",Stone-Avila,Albert Hunt IV,(428)425-8738
"850 Bates Ways
Hillside, MD 40330",Smith Group,Kimberly Greene,001-613-813-1847
"9251 Ferrell Forest
New Noahmouth, NJ 65397",Cooper LLC,Patricia Mueller,215-812-2107x60538
"554 Carter Harbor Apt. 774
Laurenville, RI 24608","Clarke, Clay and Randall",Joanna Dorsey,(590)784-1321x50547
"36158 Williams Forest
Washingtonside, OK 07106",Bishop-Mccoy,Brian Young,2964083157
"51273 Alicia Overpass Apt. 267
Port Jennifer, OH 46126","Ellison, Mcdowell and Gonzalez",Olivia Jackson,580-469-5000
"547 Elizabeth Grove Apt. 596
Lake Normabury, HI 52779","Watts, Peters and Price",Teresa Tate,342.819.7960
"851 Berry Heights
East Jamesberg, ND 98749",Schmidt-Lawrence,Kyle Evans,941-729-1946x6780
"337 Jonathan Ramp
North Trevor, UT 71448","Miller, Leonard and Cunningham",Lindsay Callahan,+1-677-263-8132x1150
"600 Robert Circle
Port Joseph, AK 94422","Baker, Foster and Holmes",Christopher Davis,(842)446-0740x386
"4576 Charles Garden
Bethanymouth, NC 27646",Mckee and Sons,Tyler Trujillo,6008549390
"5029 Kayla Viaduct Apt. 502
Port Richard, HI 68647",Harris PLC,Yesenia Richardson,373.664.6675x899
"0631 Mcdowell Isle Apt. 807
Port Jeffrey, TN 53874","Long, Walters and Schultz",Roy Gonzalez MD,928.882.7550
"6576 Jennifer Alley
North Russell, AR 84740",Scott-Green,Paula Brown,593-484-4236x0933
"54401 Kline Mall Apt. 218
East Jerome, MO 47656","Hunter, Farrell and David",Crystal Cox,+1-657-973-5543x9248
"984 Christina Park
Christopherton, CA 68791",Stevens-Krueger,Matthew Mann,237.416.1934
"8936 Jessica Coves
Davidview, OR 92004",Brooks-Simmons,Richard Harris,(609)845-9463x86661
"817 Martinez Squares
Wallston, MD 30983",Robinson Inc,Mr. Jared Levine,374-641-5466x78814
"104 Eric Fall Suite 433
Ernestside, CT 88134",Sellers PLC,Paul Yu,(250)448-2026x027
"4758 Bennett Way Apt. 119
Mooreview, CO 22327",Dominguez-Anderson,Andrew Brown,(376)479-2653x8578
"358 Ian Groves Apt. 467
New Justinchester, OR 40287","Tanner, Lambert and Nelson",Roberto Fuller,902-420-6949x6074
"479 Kenneth Run
Markshire, MN 92493",Green-Nelson,April Bright,677.616.5512
"56846 Judy Drives Apt. 192
Adamsmouth, HI 80375",Lester-Daniels,Jordan Adams,633-909-8042x931
"5511 Sherry Haven Apt. 618
East Corey, GA 18317",Holland-Goodwin,Michelle Bush,+1-780-828-6507x231
"63171 Christina Route Suite 722
Guerreroport, WY 79293",Smith Group,Riley Brown,+1-315-449-8343x185
"52272 Lee Row Apt. 238
North Javierton, ND 29950",Gray Group,Roger Cooper,+1-549-401-1767
"44226 Louis Row
Port Aliciastad, AZ 30282","Tran, Ramirez and Saunders",Laura Newman,(741)878-4069x164
"455 Green Harbor
Josestad, WY 31355",Holt-Pearson,Sarah Phillips,5034841406
"66369 Smith Viaduct
Douglasmouth, VA 28855",Brown-Davis,Linda Blevins,353-337-0905x836
"68742 Linda Overpass Apt. 983
Port Reginald, IN 09675",Stevens-Hernandez,Elizabeth Clark,540.904.2561x09244
"2869 Maria Glens Suite 969
Berryborough, AL 89401",Wright Ltd,Ryan Smith,434-375-9035
"USS Murphy
FPO AA 91350","Ray, Davis and Barton",Kimberly Nguyen,807-828-2077x888
"4499 Murillo Prairie Apt. 549
Sparksburgh, WY 27253","Mcbride, Johns and Johnston",Amber Robinson,+1-323-733-8255x438
"7787 James Port Suite 725
Danielfort, MA 91047","Erickson, Hurley and Smith",Stephen Decker,+1-594-988-6389x36386
"Unit 8000 Box 1817
DPO AE 29109","Parker, Davis and Johnson",Wayne Wright,(226)794-5703
"63986 Lester Plains Suite 418
Christophermouth, PW 16817","Howard, Holt and Baker",Jason Good,+1-752-695-6214x67901
"598 George Stream Suite 545
Lake Billyville, FL 13670",Perez LLC,Scott Allison,931-502-1574x4863
"14177 Williams Shores Suite 618
North Christine, MD 20988",Fowler-Savage,Timothy Bradshaw,(910)724-2875x1312
"46418 Jennifer Springs
Lake William, ND 81062",Martin-Ward,Michael Contreras,516-460-6625x07201
"45993 Rios Forge
Patriciafort, SD 59270",Espinoza Ltd,Tami Ray,+1-238-324-6421x8101
"9519 Jennifer Alley
West Diamond, TN 97181","Brown, Walsh and Jensen",Jonathan Munoz,001-543-601-4125x0673
"7121 Tran Port Apt. 593
Rollinston, NE 25823",Mitchell-Lee,Amanda Adams,676-328-8167x4714
"541 Raymond Well
Brittanyburgh, DC 91990",Cox Inc,Brenda Woods,255.372.3234
"74370 Daniel Place Suite 233
Gonzalesshire, NM 70584",Murphy Group,Mark Wagner,853-973-2251x4188
"53635 Megan Springs
East Jennifer, SD 17802","Brewer, Horne and Clark",Meghan Dixon,001-615-734-9757x6306
"4997 Nelson Mission
East Darrell, HI 75809",Johnson Group,Rachel Johnston,(922)418-3308x1512
"9085 Amanda Springs
Barbaraside, WA 12538",Owens-Thompson,Julie Abbott,+1-272-659-7451
"304 Samuel Hill
Hallborough, NV 83539",Harris-Jensen,Andrea Johnson,914.500.9646x05477
"0076 Annette Row Suite 805
Coleville, MA 72844","West, Hunt and Black",Samuel Davis,738.593.9219
"576 Kenneth Extensions
North Brittany, LA 93689","Pennington, Harris and Thompson",Stephanie King,001-715-423-7338x191
"PSC 1579, Box 6812
APO AE 16144","Freeman, Nichols and Hayes",Justin Frederick,2579859408
"349 Sarah Street Apt. 135
South Paulfurt, AR 10752",Burgess LLC,Adam Middleton,(423)663-3540x75374
"86326 Bentley Lock
New Carolineview, PR 40168","Brown, Goodwin and Newton",Rachel Rodriguez,(878)680-0794x254
"624 Michael Underpass
South Andrewhaven, FL 84420",Cruz-Davis,Vanessa Matthews,+1-232-507-4177x989
"637 Darlene Springs
South Mark, AR 02507",Jordan-Todd,Eric Wells,001-885-759-4353
"02712 Castaneda Run
New Sharonshire, AZ 53704",Roberson PLC,Tyler James,+1-235-323-3004x8527
"921 Maria Bridge
Harperberg, SD 38887","Perry, Gill and Lee",Gregory Walker,+1-703-276-6049x59268
"265 Amber Road
North Denise, GU 18950",Bass Group,Alec Cole,7602848846
"58151 Wright Path
Gregoryville, WY 50991","Gomez, Scott and Roberts",Brandon Hernandez,+1-975-276-7041x8216
"512 Brady Corner
Martinton, RI 14113",Strickland-Rhodes,Kiara Berry,240-887-2108
"Unit 3242 Box 1574
DPO AP 73720",Dorsey-Robbins,Ricky Palmer,244-765-3497x81928
"Unit 8783 Box 5563
DPO AE 05252","Wells, Conrad and Murphy",Elizabeth Daniels,9218773840
"7796 Fisher Lock
Port Meghan, RI 90596","Murphy, Weeks and Morrison",Kimberly Weber,941.681.0873
"4301 Gilbert Terrace Apt. 912
Hawkinston, AR 45361","Guerra, Johnson and Hawkins",Erica Valdez,(350)204-7784
"211 Hernandez Shores Apt. 719
Lake Jillhaven, NJ 60824",Williams Inc,Carmen Thompson,+1-215-243-0257x0285
"76905 Brandon Divide Suite 408
West Charles, AR 95274",Walker Ltd,Kelly Little,(209)786-2767
"USNV Simpson
FPO AE 62067",Davenport Inc,Katherine Jarvis,7149033488
"9652 Flores Hollow
North Jennifer, WA 61925",Turner-Franco,Adam Joseph,001-213-768-8749
"9828 Doyle Glens
Gomezfort, NV 60498","Clark, Reyes and Gonzalez",Alan Terry,806.749.2017x5895
"05151 Kelly Fort Suite 725
Lake Jacobville, MD 31403",Hammond and Sons,Cheryl Powell,636.951.3045x4376
"6888 Davis Oval
Moraland, MI 38235",Scott PLC,Jessica Williams,934.628.6009x3659
"6989 Richard Hills Apt. 123
Fritzview, ID 01702","Lucero, Melendez and Herring",Michelle Reilly,439-590-1461x61478
"94890 Jonathan Highway Apt. 353
New Michellebury, LA 09304","Carter, Keith and Hamilton",Mercedes Li,+1-686-842-9687
"45415 Laura Lane
North Molly, VA 58432",Byrd-Perez,Scott Olson,001-252-928-2707x714
"252 Huffman Falls Suite 883
Bridgesberg, MP 33037",Ellis-Gross,Timothy Williams,579.369.6436
"79094 Stephen Trail Suite 827
South Wendy, GA 70231",Castro and Sons,Brandi Pittman,(879)397-0315x852
"8210 Jonathan Manors Suite 455
New Jodi, UT 84989",Carlson-Ryan,Joann Wright,443-726-6374x7179
"8967 Mcclain Hollow Suite 231
Brittanystad, MO 49336",Thomas LLC,Abigail Robertson,7855762256
"77530 Steve Roads Apt. 571
Josemouth, NH 30458",Perry Inc,Shannon Nunez,915.742.3426x7645
"14652 Tran Fall Suite 314
Kimberlybury, KY 88916",Reyes-Howard,John Webb,+1-974-965-2723x289
"5173 Walker Trail
Jacksontown, KS 61721",Fisher-Dyer,William Lee,495-400-5770
"5919 White Streets
West Nathaniel, VA 49540",Kramer-Juarez,Clifford Stephens,001-619-685-8881x5131
"1592 Ronald Bypass Suite 999
Port Rebecca, WA 98458",Robinson-Franklin,Christine Miller,260.574.6677x36921
"82582 Karen Club Apt. 396
Pierceport, ID 62187","Morrison, Williams and Burton",Matthew Mcconnell,7293393527
"USNS Terry
FPO AP 92928",Torres-Webster,Gabriela Gibson,490.951.1963
"55127 George Stravenue Suite 392
East Anthonyfort, OH 49425","Glover, Farmer and Smith",Kristin Parrish,(664)432-3034
"1957 Dominguez Mill
East Roger, PA 99194",Walker-Porter,Erin Hernandez,481-318-0950x559
"4398 Sean Haven Suite 594
Lindamouth, PW 05957",Garcia-Moore,Rodney Bridges,+1-788-557-1006x65225
"19092 Melinda Squares
Janiceton, IN 87287",Chan Group,Justin Bryan,(866)905-4948x5196
"186 Nicole Manor Apt. 436
New Nichole, NE 60387",Cunningham-Hunt,Corey Durham,538-231-2076x5022
"994 Tyler Squares
Port Jennifer, LA 68907","Mcgee, Mitchell and Graham",Steven Williams,001-664-689-5881x618
"444 John Harbor
East Kennethchester, MH 84920",Hammond-Gay,Timothy Jones,911.484.6417x240
"395 Leslie Hill Suite 363
Daniellechester, DC 31927","Ruiz, Bray and Mejia",Derek Edwards,5978084443
"0466 Hansen Village Apt. 533
New Thomas, IL 59262",Johnson LLC,James Kerr,+1-705-426-8116x3959
"889 Cynthia Divide
Emilyview, WI 59931","Williams, Long and Mcdaniel",Andrew Thompson,(618)500-7388x28908
"864 Wanda Pike
West Kyleton, RI 15562",Mcdonald-Gutierrez,Tammy Roberson,741.674.8861
"9056 Levine Shores Apt. 730
Rodriguezbury, ME 62083","Silva, Evans and Shaw",Eileen Byrd,(594)562-3100
"9931 Joanna Corner Suite 687
North Kennethshire, VA 94473",Burgess-Steele,David Guzman,001-771-774-2654x1442
"2366 Wallace Cove
Allenborough, MP 43966",Stewart-Brown,Jeremiah Collins,8392741767
"41108 Teresa Flats
West Ronaldtown, IL 99559","Bates, Berry and Rodriguez",Ian Gilbert,(732)286-2590
"1231 Riddle Walks
West Kellymouth, MS 58558",Simpson-Poole,Ann Williams,488.499.0007
"02025 Annette Road
Michaelburgh, MI 92341",Brooks PLC,Daniel Pennington,(871)861-9168
"02484 Jeanne Stream
West Theresa, CA 63486","Sparks, Johnson and Lee",Lisa Nguyen,786.555.1352x65201
"207 Bailey Overpass Suite 044
South Claudia, MD 40873","Harris, Leblanc and Dunn",George Simmons,409-492-2357x335
"1756 Chavez Mountain
Coryland, MA 92493",Walker-Lee,William Herrera,+1-877-261-1724x8330
"1962 Brian Keys
New Matthew, IA 47264",Walsh PLC,Tyler Harrison,001-405-976-0234x56256
"01927 Fisher Vista Suite 340
Port Jillianview, CO 72856",Jones and Sons,Lisa Goodwin,309.801.4869
"638 Brown Ranch Suite 735
Chelseaberg, NV 33550",Jennings and Sons,Zachary Pham,785.853.7419
"USS Miller
FPO AP 99587",Parks PLC,Jose Gonzales,783-817-7200
"527 Dunn Fords
Coletown, ID 57438","Kelly, Bauer and Martinez",Sophia Hogan,376-688-1395x923
"47603 Carrie Turnpike Suite 133
Gregoryton, CA 94066","Williams, Campbell and Alvarado",Angela Wyatt,001-329-802-9803x438
"33919 Hodges Tunnel Suite 596
Perezmouth, NY 03921","Dodson, Love and Jones",James Herman,+1-690-383-2365x1920
"0697 Montgomery Green Apt. 846
Sharonside, FL 36400",Adams Group,Anna Steele,691.228.7014x49919
"24193 Brendan Mountain
Brittanyshire, ND 90875","Potter, Butler and Coleman",Terry Walsh,001-899-332-3414x14331
"2306 Davis Plaza
New Manuel, MO 45874","Jones, Brewer and Ramsey",Roger Kramer,5775117558
"20704 Parker Flat
Jenniferbury, AR 21108",Vazquez-Scott,Danielle Marks,001-859-943-1643x77035
"PSC 8334, Box 4439
APO AE 58836",Smith-Turner,Mrs. Deborah Smith,(999)568-3175x72862
"2263 Jasmin Lane Suite 405
Jenkinsborough, AL 72167","David, Fischer and Moore",Jill Bowman,(340)426-3778
"19034 Flores Center Suite 276
East Deborahton, OH 30717",Pennington-Williams,Emily Gregory,6497442288
"881 Moss Common Apt. 536
East Christopher, UT 35016",Davis PLC,Tiffany Smith,418-723-6263x590
"PSC 7288, Box 6013
APO AE 88068",Avila Inc,Dawn Simmons,+1-740-260-9422x027
"USNV Ramsey
FPO AE 14167","Jones, Jones and Rivers",Joseph Mitchell,(480)571-3498x81484
"58925 Louis Way Suite 198
Jonathanfurt, TX 43802",Rogers-Martin,Rebecca Hernandez,(520)230-4297
"3577 Seth Plains Apt. 826
Grantshire, NY 83893",Guzman-Fritz,Christopher Calderon,872.451.0007
"84107 Martin Prairie Apt. 571
Frederickburgh, OR 97927",Curry Ltd,Adam Pace,462-590-3517
"77072 Johnston Streets
Port Jennaview, OH 47482",Stevenson-Hogan,Claudia Clark,(727)789-5584
"6176 Bradley Union Apt. 986
North Michelle, ND 63310","Riddle, Moore and Gonzalez",Amanda Le,(331)912-5159x5501
"81632 Katelyn Trafficway
Mariamouth, MD 52801",Miller-Thomas,Diana Schwartz,3135834542
"81055 Angelica Rest
Myersbury, MH 18756","Boyd, Waters and Griffin",Linda Rowland,9396506666
"2128 Smith Turnpike
Martinfort, IA 50194","Johns, May and Webb",Tracy Shaw,001-507-928-6924x357
"9288 Stewart Crossroad
Port Johnny, FM 68508",Long-Rodriguez,Cynthia Marshall,933.432.5810
"0982 Laura Land
Clarkland, AK 87741",Mejia Group,Deborah Wilson,(301)774-5120x558
"4394 Duncan Cliff Suite 919
West Jennifer, TX 80873","Brown, Bailey and Scott",Samantha Cruz,(585)486-0684
"418 Alexandra Canyon
Joshuaport, IA 21994","Davis, Smith and Nelson",Curtis Pham,601-831-7157x970
"26355 Justin Dam Suite 104
New Matthewborough, NE 62135","Perry, Miller and Conrad",Robert Horn,979.834.3587x8333
"26935 Dunlap River
Cookfort, SC 81702","Richardson, Rhodes and Cole",Michael Cervantes,(799)645-2473
"62898 Sanchez Views Suite 887
Port Kevin, IL 47275",Little-Owens,Manuel Martin,(634)278-4250x2137
"77476 Tina Greens
Lake Tarabury, MN 35982","Jones, Perez and Smith",Kimberly Morris,001-496-786-3220x5762
"41588 Hansen Manors
Port Bryce, CT 19037",Martinez Group,David Castillo,(485)445-0798
"72422 Courtney Roads Suite 832
Paulview, IA 30380","Baker, Fisher and Martinez",Mandy Gonzalez,534-684-8266
"6244 George Place
South Cynthiaport, MA 75787","Blake, Smith and Barrett",Jessica Long,548-588-7409
"USCGC Wilkins
FPO AE 90071",Salinas-Moore,Heather Simon,(723)420-9301
"41426 Raymond Canyon
East Patrickview, WV 68409",Brown-Dixon,Duane Bailey,(566)246-7947x44698
"USS Jenkins
FPO AA 66776",Delgado-Shaw,Douglas Stevenson,(217)809-0703
"59566 Salinas Well Suite 231
East Sherry, ND 63351",Martinez-Simmons,Steven Duarte,869.640.2431x269
"7595 Sanchez Route Apt. 380
Michellemouth, ND 36885","Hines, Garcia and Hendricks",Robert Curry,428-518-2365x8746
"61064 Phillips Well Apt. 176
New Hannah, AK 65061",Moon PLC,Jordan Holland,+1-375-333-7992x73002
"3311 Elizabeth Pass
New Cameronport, NC 86855",Lopez Ltd,Jeffrey Morris,001-430-942-6778
"2243 Adkins Drive
Rodriguezchester, GU 78371","Ferrell, Goodman and Ruiz",Victoria Hardy,(272)910-0246x9820
"301 Martin Brook
Crawfordville, VA 34235","James, Gibbs and Norton",Mr. Craig Leach,(291)998-0367
"95662 Larry Light Suite 671
Knightland, AK 63652",Howard Group,Bradley Weber,+1-979-541-9649x5015
"354 Theresa Ferry
New William, NV 36867",Morse-Stewart,John Bullock,+1-286-734-0952x81033
"297 Lisa Valleys Suite 652
Port Christine, OK 42040",Johnson-Romero,Tara Wang,547.207.0908x107
"24025 Harrell Freeway
Bonillaview, UT 07294",Allen Inc,Cynthia Hawkins,5486233888
"6555 Gabriel Highway Suite 763
South April, AL 39764","Gonzales, Williams and Thompson",Elizabeth Pena,955-989-3167
"7388 Danny Mission Suite 732
Marshallfort, CA 99293","Murphy, Nash and Hull",Dustin Burns,001-658-522-9362x841
"6226 Galvan Pike
Huynhtown, SC 74656","Reynolds, Wilson and Vargas",John Hunter,(879)426-1594
"186 Summer Points
Brianborough, NH 93389","Higgins, Carter and Hanson",Allen Simmons,(363)350-6073x4769
"8858 Franco Rest
East Cory, FL 77022",Sanchez Inc,Samuel Barrera,(497)251-3369x6444
"9453 Gill Stream
Jessicaberg, OK 79963",Roberts-Hill,Renee Huang,589-851-9616
"PSC 4897, Box 5453
APO AA 69839","Mosley, Young and Fischer",Danielle Jacobs,(749)299-7092x3409
"0604 Lopez Mountain
West Shannonberg, MA 78679",Moss Inc,Susan Baxter,(756)856-2892
"58749 Thomas Union
Patriciabury, NM 00766",Garner-Turner,Kayla Prince,4899350440
"253 Bradford Gateway Suite 575
Johnsonfort, WA 62050","Harris, Mcclure and Smith",Paul Wright,(767)403-8424
"9806 Young Trafficway
Dawnville, NY 35847",Murphy-Herrera,Brittany Bentley,(550)425-8787x5746
"Unit 9084 Box 6152
DPO AA 99502",Jones-Anderson,Daniel Rogers,(647)206-3720x88991
"9546 Cohen Turnpike Apt. 893
North Tammymouth, NH 36889",Alexander Ltd,Michaela Campbell,+1-795-287-5780x3780
"5684 Patricia Pass
Nicholaston, IA 67740","Long, Wheeler and Nichols",Theodore Cox,406-583-3353x495
"573 Cordova Valleys Suite 467
South John, UT 77066",Merritt-Richards,Ryan Gonzalez,731.795.0704
"505 Stephanie Parkways
Leeton, ND 21112","Morris, Soto and Lam",Lori Chang,(205)956-0509x99169
"651 Gay Point Apt. 919
North Steven, VT 68167",Garcia Ltd,Matthew Graves,001-423-657-2332x8003
"63111 Devin Centers Apt. 313
New Jasmine, MN 74713",Castro and Sons,Pamela Johnson,702-829-0981x921
"Unit 1810 Box 7542
DPO AE 96303","Olson, Cherry and Vincent",David Liu,+1-755-941-3990x18631
"384 Nicholas Motorway
West Sarah, MP 28332",Burns Group,Tyler Kemp,717.734.4183x8096
"0697 Smith Isle
Veronicaborough, MN 58489",Alvarez and Sons,Laura Becker,+1-424-827-2173x8488
"501 Jessica Haven Suite 991
Goodburgh, HI 58368",Velasquez Ltd,Frank Gonzales,8154449895
"Unit 9522 Box 8095
DPO AP 96526",Shaw-Young,Sara Nguyen,001-605-502-3421x70119
"373 Christine Springs Suite 211
North Christine, LA 09835",Kelley Inc,Valerie Burns,5965664170
"427 Jill Camp Apt. 260
North Elizabeth, TX 27797",Fleming-Tucker,Raymond Koch,860.400.1926x0875
"29684 Brown Oval
Tiffanyville, AS 90384",Scott-Wang,Heidi Boyer,744-781-2394x86153
"5678 Rice Shores
Hunterborough, MD 08299",Blankenship Ltd,Connie Black,684.591.7955
"5444 Andrea Overpass Suite 994
North David, SD 93384",Bond LLC,Tanya Bender,754-490-5076x5022
"784 Melissa Groves Apt. 539
North Jamesbury, ME 46559","Davis, Johnson and Novak",Rebekah Thomas,653-983-1470
"80519 Gerald Bypass
East Annamouth, KS 21514",Porter-Bond,Alexis Terrell,5415807317
"895 Bonnie Route
Johnside, MP 33688",Curtis-Rowland,Bradley Hill,(981)714-3608x04430
"4432 Stephanie Passage Apt. 098
West Amberborough, CT 44928",Waters-Mcdaniel,Kristina Sharp,(954)502-6037
"979 Catherine Tunnel Apt. 199
Humphreytown, NV 39834","Tanner, Peters and Cook",Alexis Ramirez,001-749-238-7227
"7445 Natalie Walks Apt. 389
Hernandezburgh, VT 45588",Wilson Ltd,Alexandra Martinez,210-742-4766x80512
"8242 Christian Pines Suite 510
South Michelleville, IA 66393",Lee Group,Teresa Downs,389.478.9563
"842 Weaver Fords Apt. 892
Curtisport, PR 66417",Campos-Cordova,Norma Pham,(577)656-6437x85238
"62643 Alison Trail Suite 727
New Jennifer, MP 17826","Anderson, Monroe and Russell",Erica Ortiz,675-739-3862x7985
"571 Jennifer Passage Suite 964
North Michael, MN 76394","Silva, Gray and Gentry",Christopher Noble,001-630-362-9470
"767 Miller Crescent Suite 324
New Michael, TN 31022","Harrington, Singh and Klein",Richard Gonzalez,649.502.4012
"84652 Christopher Vista
Combsshire, MO 83756",Davis PLC,Linda Berry,520.292.7848x945
"USNS Neal
FPO AA 35089",Webster-Reed,Terri Page,(363)829-3037x07032
"32075 Powell Square
West Brianville, FL 70536",Martinez-Thompson,Mr. Jason Miller,837.363.1207x149
"752 Cox Points Suite 974
Joeborough, NE 01516",Sanders-Carroll,Darren Frank,943-621-1852
"61781 Smith Mall Apt. 470
Perezburgh, WA 56957",Tapia Ltd,Spencer Smith,+1-415-530-1878x487
"476 Anthony Circles
Mcdowellshire, MH 70282",Ray-Duarte,Thomas Pratt,+1-905-277-2824x097
"1688 Adam Fall Apt. 819
Lorihaven, GA 72199",Taylor-Peterson,Robert Hernandez,697.478.1899x82557
"4721 Williams Mews
Medinaburgh, PR 01725",Sullivan Group,Brianna Williams,7928680906
"730 Carlos Ranch
Port Kari, UT 51552","Clark, Guerra and Davis",Sarah Cross,920.296.6057x614
"USNS Farmer
FPO AA 25507",Bell-Higgins,Amanda Graves,919.359.6182
"211 Samuel Club
New Patrick, TX 14653","Lucas, Davis and Rogers",Susan Stephenson,001-232-393-3347x050
"61103 Mark Shoals Suite 846
Ramirezburgh, WY 60604",Gilbert-Torres,Andrea Curry,+1-395-718-0626
"90778 Edward Haven Apt. 277
North Aaronborough, MN 09301","Vega, Schneider and Herrera",Roberto Carey,+1-932-744-5894x2565
"35854 Susan Mills
West Aimeeberg, LA 40037",Chandler and Sons,Zachary Sanchez,2689929860
"8632 Lisa Meadows
New Deborah, WY 87579","Perez, Dominguez and Craig",Mark Collins,001-846-515-4626x33580
"07144 Howard Wells
Jasonland, UT 89391",Brown-King,Daryl Knight,+1-783-874-8223
"743 Charles Estates
Schneidermouth, SD 04249",Gates Inc,Barry Cooke,4754199518
"8031 Lorraine Points Suite 866
Shermanport, NV 27385",Gonzalez PLC,Faith Roth,+1-361-846-2306x0840
"47318 Alex Harbor Suite 888
Riversfort, MP 12632",Valdez and Sons,Travis Robles,001-686-232-8776x77841
"377 Allison Walks
Bonniestad, WA 95980","Roberts, Bradford and Melendez",Calvin Marquez,245.434.8528
"PSC 4958, Box 3716
APO AP 79495","Martinez, Johnson and Stevens",Jose Webb,230-845-7761x0485
"255 Murray Lane Suite 863
North Johnmouth, PA 49555","Rosario, Clark and Patel",Joseph Watson,586-283-9803x543
"358 Thompson Shoal Apt. 632
Courtneyshire, NH 90016",Pham Group,Christopher Roberts,(353)421-0372x3173
"316 Robert Wells
New Anna, OR 15183",Jackson-Gonzalez,Lynn Gordon,001-225-974-7404
"Unit 7260 Box 5101
DPO AP 05030",Franklin and Sons,Stephanie Martin,001-747-236-5110
"4613 Duke Plains Suite 990
South Yvetteport, RI 97762",Waters LLC,Stephanie Doyle,(572)969-2591
"79413 Karen Cliffs Suite 938
Williamsbury, AL 54989",Thompson LLC,Krystal Strickland,606.587.7105
"70454 Lester Valley Suite 298
North Jamesville, SD 11857",Estrada-Walsh,Michael Brock,+1-941-341-8506x83239
"Unit 8182 Box 8147
DPO AE 30794",Richardson LLC,Sharon Bell,001-504-978-3005
"507 West Via Apt. 038
New Michaelfurt, LA 58296",Herman LLC,Austin Edwards,718.332.0391x431
"Unit 7355 Box 0312
DPO AA 71100",Meyer-Stevens,Angela Alvarado,(240)583-5092
"92454 Reid Cliff
North Jason, OK 35754",Patterson-Hudson,Rachel Garcia,639.763.5700x299
"75185 Johnson Neck Apt. 617
South Christopherside, PR 82574",Anderson Ltd,Kari Gutierrez,(573)764-7464x226
"USS Cole
FPO AP 65298",Davis Ltd,Beverly Webster,(446)929-4828x1699
"0920 Leslie Shoals
South Joseville, PR 04674",Ramirez-Lester,Jordan West,712.282.6159x5303
"33140 Hughes Pine Apt. 676
Bryanland, HI 79094",Duarte-Kim,Stephanie Mack,001-829-385-4337x18677
"3951 Kevin Rue
Estradabury, CA 73629","Moss, Henderson and Gonzales",Courtney Lane,(227)576-7969x501
"857 Mark Highway
Jacksonchester, MO 81631",Ford Inc,Brenda Taylor,791-378-7254x36262
"117 Rodney Course
West Mikayla, AK 98905",Gomez-Rivers,Michael Cohen,300.669.1043x498
"143 Moore Glens
North Marthaport, SD 23552",Scott-Wright,Sarah Mason,492-505-5283x480
"43548 Morgan Mall Suite 287
Evelynstad, ND 26905",Holmes PLC,Alexandra Burns,611.858.1461
"350 Troy Loaf
South Shannon, ID 50438","Hernandez, Dominguez and Curtis",Linda Perez,872.248.2959x82078
"144 Flores Knoll Apt. 973
Pamelaport, PA 76361",Anderson Group,Brittany Ross,001-228-715-2890x60485
"27250 Payne Passage Suite 049
Kathleenchester, VI 05035",Burton-Thompson,Gabrielle Conley,978.666.4681x74807
"9309 Lopez Pass
Port Jacobville, KS 51317",Ramirez-Cruz,Thomas Diaz,203.294.4134x75960
"038 Nicole Wells
Haasshire, PW 80435",Dawson Ltd,Danielle Morales,(226)534-0846x9237
"6746 Juan Harbors
Cookview, VA 13594",Mccormick-Lopez,Cameron Davila,214.231.4998
"28809 Sarah Rest Apt. 184
Halemouth, SD 54214","Ramirez, Ingram and Smith",Karen Rodriguez,8064536878
"015 Elizabeth Knoll Apt. 735
Beckychester, ME 36986","Gonzalez, Vaughn and Edwards",Daniel Parker,+1-727-569-4832x5976
"48442 Tony Gardens Apt. 198
Thomashaven, LA 83371","Sutton, Hawkins and Cooper",Jennifer Collins,+1-808-708-0979x6050
"06832 Ruiz Groves
North Bruce, VI 11122",Williams PLC,Kimberly Sparks,450.442.3371x200
"65617 Amanda Streets
South Cynthiaside, OR 36188",James Ltd,Phillip Smith,(466)835-8066x554
"8874 Young Mill Apt. 774
East Chloe, MI 50776",Cruz-Lewis,Victoria Acevedo,9903105608
"173 Rachael Bridge Suite 157
North Stacymouth, VA 34632",Jones Ltd,Daniel Cruz,+1-714-292-9839x96484
"722 Wood Prairie
Port Deborahfort, ND 42919",Velasquez LLC,Heather Mcneil,(225)404-2936
"USNV Ferguson
FPO AA 13108",Gonzales-Bruce,Jeff Taylor,6262939989
"5960 Rebekah Harbor Apt. 840
Jasonview, AS 67630","Dunlap, Hughes and Boone",Debbie Francis,(448)302-4581x2351
"4976 Bill Walks
West Susan, MA 96186",Dennis-Crawford,David Evans,+1-244-489-9889
"99565 Moore Islands
Robbinsmouth, CA 56623",Burke and Sons,Katie Perez,(595)956-1431x431
"1724 Fisher Landing Apt. 812
West Melanie, SD 10175",Graves-Edwards,Michael Hudson,995.510.4285x3359
"74821 Morton Canyon
Schneiderport, NH 75974",Medina-Reed,Robert Church,+1-232-552-0947x441
"7874 Benjamin Village Apt. 438
Lake Susan, AS 89648",Green LLC,Jennifer Fisher,+1-329-595-8229
"0908 Evans Isle
Hillville, PR 23523",Burke-Moore,William Martinez,5789480081
"Unit 6951 Box 8175
DPO AA 95271",Castillo Inc,Stephanie Johnson,+1-993-256-8895x3426
"USNS Guzman
FPO AA 10352",Bentley-Copeland,Alyssa Johnson,001-765-718-6802x19100
"09445 Braun Prairie Suite 160
Christopherchester, TX 64611",Dennis and Sons,Jamie Conrad,(352)689-6914x057
"18768 Pugh Circle
South Diane, MN 00667",Ortega and Sons,Kathleen Delgado,711-325-0053
"11959 David Islands
Alexisport, AS 59741","Campbell, Landry and Bartlett",Shawn Bryan,+1-265-860-3343x10643
"Unit 1496 Box 7672
DPO AA 95289","Mitchell, Young and Schneider",Gina Mathis,(279)802-5253
"46395 Flores Mountain
Danielhaven, AZ 72645",Little PLC,Kyle Bradley,934-279-5770
"6359 Holmes Plains
Kathrynland, FL 14033",Trujillo-Wood,Robert Norris,843-512-3537x925
"670 Paul Loaf
Vickiside, AR 68646",Carson-Wood,Marco Poole,001-216-291-2456x43481
"962 Turner Squares Suite 988
South Janetmouth, OR 60328","Shepherd, Marshall and Mcknight",Matthew Blevins,(880)907-3738x6423
"3323 Holden Club Apt. 158
North Stevenborough, LA 13213","Bradley, Oneal and Mcmillan",Ashley Jones,5074867152
"440 Jennifer Rest
Lake Julia, UT 04042",Griffin Group,Shannon Murphy,882-704-5049
"07591 Wade Pine
East Stephanie, MI 33667",Gonzalez Ltd,Christopher Perez,315-936-7604x09819
"3075 Ponce Ridge Suite 601
Lake Adrianmouth, OR 88839","Thomas, Lee and Garcia",Robert Thomas,001-224-319-4880x5098
"USNS Murray
FPO AP 96856",Carter-Kim,Lauren Johnson,262.645.1847
"1794 Shelton Rapids
East Rebecca, PA 07532",Hill Group,Craig Davies,982-290-8994x07576
"412 Fields Inlet
Lake Jerrymouth, NH 11447",Alexander Group,Laurie Bates,+1-832-538-4804
"404 Dustin Trail Apt. 034
Malonetown, MN 74648",Rodriguez-Holt,Michael Morgan,+1-485-682-7052x45376
"89556 Conner Throughway
Collinsport, DE 83795","Mcclain, Martinez and Gould",Anthony Kelly,398.582.5194x15979
"712 Garcia Ways Suite 949
Bonniefort, GA 12241",Rasmussen and Sons,Erica Wiggins,849-570-5138x53089
"0819 Albert Locks Suite 009
Harryshire, IA 02365",Williams-Parker,Eric Salazar,721-430-6090
"PSC 9275, Box 0395
APO AA 58365",Malone and Sons,Jonathan Davis,322-457-0930x996
"39065 Aimee Trail
Port Melissa, SD 14887",Williams-Johnson,Emily Newman,482.216.5464x34193
"435 Stevenson Mission Suite 990
Vincentshire, PA 69623",Duffy PLC,Laura Maxwell,+1-551-354-0464x93111
"60041 Alvarez Prairie Apt. 305
West Jasonstad, FM 66790",Donovan-Fisher,Rhonda Barnett,659.705.9585x8023
"9780 Carroll Turnpike Suite 046
Jacksonview, TN 51054",Martinez Group,Joseph Hall,6418062132
"271 Dawn Freeway Apt. 171
Christopherport, MN 98752",Mora-Torres,Charles Strong,434-225-4952x392
"9984 Foster Meadows
Elizabethberg, SC 61772",Foster-Ryan,Linda Thomas,857.694.1469x408
"50369 Hendrix Plains
Paulton, GU 41578",Allen-Garcia,Kristy White,781-718-2690
"PSC 1739, Box 3489
APO AP 47898",Burgess Group,Riley Osborn,768-822-2579x473
"34794 John Springs
North Thomasburgh, CO 46929",Stevenson LLC,George Torres,001-213-425-4472x4195
"83966 Bennett Skyway Suite 660
Lake Bretttown, IA 33976","Johnson, Perry and Nguyen",Wesley Bass,707-238-7315
"638 Olson Keys
Alexanderfurt, AR 31923","Hunt, Jones and Woods",Chad Valencia,001-506-978-8638x448
"USNV Lopez
FPO AP 88173","White, Taylor and Jefferson",Meagan Harvey,+1-360-304-9016x107
"908 Jackson Roads Suite 481
Andersonside, AK 89107",Pearson Inc,Austin Allen,+1-485-988-6365x90048
"24080 Jessica Court Suite 805
Stonetown, MI 57883",King-Pratt,Susan Bennett,815.663.2525x663
"0535 Jeff Island
Alvareztown, FM 25102",Williams PLC,Victoria Perez,7517572851
"927 Duane Inlet
West Stephen, WA 68873",Martin and Sons,Jacob Juarez DVM,001-951-898-3899x57434
"46332 Porter Rest Suite 173
Jessicafort, NM 36550",Wilson Ltd,Dale Combs,8625060416
"5167 Robert Brook
Port Jeffrey, UT 31726","Turner, Hendrix and Walker",Chris Edwards,286-578-4133x00546
"74740 Cole Dam Suite 909
Lake Candace, PA 14347",Patterson-Roth,Dustin Haney,(783)411-0910x7733
"531 Thomas River Suite 482
East Theresa, OH 26193",Garrett and Sons,Benjamin Dickson,373.407.0220
"4812 Adams Forges
Geraldland, SD 50289",Owens-Howard,Christopher Stewart,460.394.0048
"7768 Williams Manors
West Luisfort, OR 10270",Guzman-Burke,Valerie Jones,3692687160
"1691 Michael Point Apt. 141
East Lisa, SC 95274",Hatfield LLC,Aaron Smith,+1-394-960-9732x86438
"USS Callahan
FPO AE 81711",Wilson Inc,Nicholas Munoz,695-201-3875x746
"15223 Madden Stravenue Apt. 765
Lake Emily, MH 20139",Burns Group,Nicholas Gillespie,508-563-4014x6194
"7139 Nancy Crossroad Suite 331
Ericport, SD 58931",Snyder-Miller,Todd Wiley,(218)640-8306
"560 Zachary Islands
Lake Michael, ME 24394","Hudson, Sims and Miller",Michelle Padilla,(335)801-1081x304
"960 Tanner Trafficway
East Johnton, PW 05298","Hayes, Brown and Jenkins",Jared Lawson,466-570-9661x3730
"4035 Anthony Inlet
Port Amanda, NM 04170","Young, Cantu and Walker",Shelia Morris,+1-550-337-7831x59535
"459 Sarah Spring Suite 139
Guzmanton, MT 25866",Reid-Myers,Paul Oneal,(332)450-6222x43306
"77777 Miller Stream Suite 421
East Andrewport, IA 59469",Singh-Adams,Brian Burke,+1-750-445-3484x866
"275 Nguyen Ferry Suite 391
Kingville, OR 14330","Simpson, Brooks and Martin",Jessica Harrell,+1-891-520-6679x796
"USNS Evans
FPO AP 65905",Jones Inc,Kristina Herring,684-532-5850x6853
"372 Harrison Meadow Suite 425
Gibsonborough, FM 94841","Mckay, Davis and Wilkerson",Angela Flores,001-551-513-8082x068
"275 Gary Place
Port Kimberlyside, NC 57252",Shepherd Inc,Autumn Banks DVM,9798254915
"89482 Bell Gardens
Lake John, WA 02541",Porter-White,Randall Dean,281-787-2849x07156
"86051 Richard Wells Apt. 625
North Sonyaport, NM 50314","Sullivan, Griffin and Gray",Dr. Joseph Boone DDS,+1-662-697-8964
"0241 Martha Freeway Apt. 506
South Raymond, NH 87753","Carpenter, Reed and Aguirre",Andrew Macias DDS,270-551-9895
"63201 Timothy Wall
Port Stephanieburgh, AL 52486",Costa Ltd,Tina Bell,+1-651-708-3292x48106
"8297 Stephanie Orchard
Martinbury, PA 29890",Thomas-Calderon,Tammy Kerr,001-344-579-0806x9912
"265 Brenda Hill
Rochabury, GA 11538","Stone, Cox and Burns",Michael Moore,001-312-536-5669x054
"962 Erik Walks
Michaelton, RI 13884","Carlson, Powers and James",Martha Palmer,594-240-9431x05433
"7158 Joshua Way
Lesliefort, NJ 98164",Cruz-Martinez,Lisa Kim,+1-620-571-3826
"5675 Jerry Villages
New Kellystad, IA 51956",Miller LLC,Monica Johnson,+1-685-926-4493x8666
"297 Brian Villages
Arnoldville, MP 59697","Mcintosh, Kim and Mathews",Brittany Robinson,(788)366-2012
"5739 Stevens Lakes
East Michael, NC 47120","Curry, Harris and Smith",Richard Carter,352.719.3057x3132
"93982 William Drives
North Karla, ND 45851",Williams Inc,Billy Copeland,595.636.7576x22069
"472 Mary Pass Suite 227
North Jason, VI 85638",Mitchell-Ramirez,Trevor Keller,(568)278-3884
"362 King Walks
Bradleyberg, DE 02456","Camacho, Proctor and Tyler",Jason Davis,+1-364-981-4854
"86225 Dana Road Suite 813
North Cheyenneport, MA 18521","Collier, Figueroa and Norman",Ashley York,+1-339-641-0967
"331 Jackson Forks
South Eric, IL 96948",West LLC,Adam Calderon,(540)964-6845
"688 Emily Haven
New Jason, VI 35742",Turner-Torres,Mark Mccoy,(752)952-4559x86235
"Unit 5435 Box 3552
DPO AP 78078","Turner, Peterson and Adams",Jamie Jones,(792)949-7380
"188 Kyle Lights
Stephensontown, IL 90686","Washington, Cruz and Joseph",Patrick Anderson,608.547.7188x0535
"61042 May Estates Apt. 627
New Kristine, KY 60927",Harris and Sons,Brandon Harris,498.383.0717x39015
"39198 Carla Alley
Oscarmouth, MS 34444",Reed-Jones,Jennifer Schultz,001-481-440-3709x79443
"237 Cynthia Mission
South Pamela, CA 10062",Hansen-Patton,Andrea Smith,6926160033
"28453 Rebekah Shore Suite 142
East Kelseyside, WI 23283","Parks, Parker and Bender",Christian Orozco,991.430.8612
"7587 Anderson Dale Apt. 096
North Vickieport, IL 96184","Anthony, Simmons and Graves",Gregory Simmons,+1-412-318-2884x031
"5824 Chris Points Apt. 330
Elizabethberg, VA 65688","Sheppard, Freeman and Martinez",Virginia Thomas,001-777-350-8599x5266
"5826 Ayala Highway Apt. 955
Rebeccamouth, CT 82206","Quinn, Zavala and Kirby",Allison Reyes,+1-492-858-2487x89740
"874 Alexander Mall Apt. 548
Aaronstad, AK 47473","Rodriguez, Moore and Shaw",Douglas Sanders,+1-938-741-8694x4215
"4006 Price Drive Apt. 582
West James, OK 88949",Lindsey-Ayala,Colton Jacobs,6624143393
"55547 Wilson Divide Apt. 256
Port Coryville, NH 68432",Myers LLC,Mark Cruz,(888)923-8711
"1232 Jones Unions
New Christopher, OH 92839",Perez Inc,Ryan Norman,001-843-995-3039x474
"416 Donald Creek Suite 050
Lake Ashley, AR 88492",Taylor-Turner,Marie Wolfe,289-910-8649x29524
"024 Richard Bridge Apt. 886
Costafort, FM 46294","Tucker, Riley and Brown",Whitney Curry,6547171030
"29035 Alexander Mission Suite 421
Guzmanfurt, OK 74056",Price PLC,Jamie Simon,+1-551-944-2145x126
"9783 Aguilar Wells Apt. 576
East Tracey, AK 57910","Bradley, Thomas and Young",Brett Miller,001-622-636-8614x8876
"4548 Heather Island Suite 835
North Lukeberg, VI 46713","Lopez, Vance and Hart",Cindy Medina,001-968-297-4849x4982
"208 Timothy Pike
Palmerchester, CO 92981","Briggs, Morris and Flores",Mr. Thomas Black,902.537.5033x97838
"5150 Daniel Creek
Richardside, TX 03519",Johnson-Lopez,Matthew Taylor,5035701961
"4561 Jensen Bridge
Jacksonbury, TX 53449",Gordon Inc,William Mcdonald,+1-771-801-9444x4345
"10910 Williams Point
West Amy, CO 22968","Marks, Mcclure and Mcfarland",Michael Wallace,001-387-658-9267x96787
"PSC 6549, Box 6988
APO AE 77970","Osborne, Lucero and Meyers",Claudia Morris,001-856-783-2493x11812
"USNV Coffey
FPO AP 71039",Henderson-Henderson,Robert Mitchell,+1-876-784-3313
"871 Davis Junctions Suite 321
Allenchester, DC 64794",Mejia LLC,Daniel Escobar,+1-516-253-8553x9751
"59074 Edwards Via
West Christinefurt, CT 38671",Williams Ltd,Philip Castillo,(737)992-5390x82118
"265 Dickerson Island
South Duane, WI 02233",Haynes LLC,Rebecca Villa,+1-565-444-8000x35477
"5244 Evans Burg Suite 344
Courtneyside, KS 20439",Rasmussen LLC,David Wood,842.484.4696x0022
"89136 Kyle Inlet
New Bretthaven, GA 70978",Johnson and Sons,John Davis,(223)325-9851x06726
"8109 Mahoney Stravenue Apt. 683
Spencemouth, OH 43543",Deleon-Miller,Joanne Phillips,(335)268-2616
"6094 Torres Viaduct
Rachelmouth, CO 42036","Boone, Ward and Ruiz",Samuel Middleton,326-844-0391
"966 Bowman Orchard
Carlsonmouth, MI 43717",Mcbride LLC,Brittany Stewart,001-895-970-5162
"864 Christopher Knoll
South Kathleenton, DC 51053",Jenkins LLC,Colleen Walker,751.917.8345
"865 Ruiz Views Apt. 396
North Hunter, FM 01705",Crane-Chapman,Louis Flores,512-394-2590x070
"154 Mcgee Coves
Lake Karaside, HI 96121",Carter Group,Richard Ramirez,308.928.5075x418
"011 Johnson Parkways Apt. 489
Millerland, DC 98936",Love Inc,Priscilla Carpenter,791.974.7083
"6020 Christine Isle
Lake Francesport, SD 18947","Collins, Sloan and Castro",Catherine Romero,001-298-584-6822x3776
"786 Wilson Pike Apt. 469
West Anne, MP 65141","Ford, Anderson and Chandler",Darren Marshall,245-792-8153x0176
"8668 Miguel Key Suite 244
New Tamara, GU 24137",Haynes LLC,Mary Barnes,967.521.3913
"Unit 3969 Box 3739
DPO AA 70677","Dyer, Mitchell and Smith",William Walton,(827)591-3951
"912 Edwards Crest Apt. 129
Port Chelseafort, OH 67425","Myers, Dodson and Gonzalez",Jeremy Hays,(936)406-3111
"9718 Kelly Divide Suite 608
Michealmouth, GU 86738",Wise-Wilson,Lisa Gutierrez,001-942-597-6657x593
"049 Jerry Road Apt. 844
South Jeremymouth, MO 32797",Wilson Group,Kristina Turner,678.712.5515
"2898 Danny Lock Suite 404
West Sarahton, PW 42401",Shields-Smith,Linda Walter,001-315-636-3469x7874
"9619 Harris Forges Apt. 958
Morrisville, AR 13441","Bennett, Wells and Mejia",Richard Garrison,(331)938-7354x71841
"2038 Amanda Cove
South Adambury, PW 21863","Wright, Shea and Johnson",James Williams,9608977524
"820 Craig Court Apt. 848
New Dwayneville, IA 57619",Rose and Sons,Jon Ford,001-867-218-2748x6755
"32579 Harris Cliff
New Amyburgh, KY 39344",Shannon-Jacobson,Amy Higgins,999.527.2372x34774
"0614 Zamora Roads Apt. 791
Kevinton, MN 72216",Morris-Huff,Gregory Vargas,910-895-3762x22945
"7828 Martinez Ramp Apt. 686
New Lisahaven, NC 91740",Richmond and Sons,Drew Harris,+1-470-533-0960x98296
"93064 Hickman Expressway
Garciaville, PW 83117",Thornton Ltd,Aaron Stephens,001-986-456-2115x05137
"412 Howard Drives Apt. 370
Wallaceton, CO 43406",Wilkerson-Hicks,Cynthia Mccarthy,3799254971
"1796 Janice Walk
Riceburgh, NE 44436","Mercer, Munoz and Davis",Cory Cervantes,475-655-9553
"PSC 2355, Box 1489
APO AP 89391",Baker-Christian,Jennifer Johnson,669.815.4131x98786
"150 Reyes Islands Apt. 418
Lake Katherine, MH 42924",Lee PLC,James Tucker,596.896.4854x68200
"PSC 9550, Box 3352
APO AA 33917",Cochran LLC,Courtney Campbell,(376)351-0630x53644
"9702 Tyler Walk Apt. 082
South Kimberly, MO 82399",Olson-Mcdonald,Holly Smith,454.586.5332
"21970 Holden Trace
South Joseph, IA 05095",Ingram-Baker,Keith Garcia,656.581.5985x65679
"07814 Sanchez Centers
Port Larry, RI 47535",Moore-Campbell,Donald Nelson,(310)873-5547
"010 Stephanie Club Suite 439
Brendachester, LA 27008",White-Schmidt,Teresa Palmer,(263)851-0905x3293
"909 Kelly Rest Apt. 624
Newmanborough, WV 09108",Bishop Ltd,Stacy Bean,396.457.7707x6861
"284 Crawford Drives Suite 204
East Richard, CA 28873",Hancock and Sons,Jorge Sims,309-662-5428x1923
"08326 Stephen Extension
Scottbury, SC 08881","Thomas, Stewart and Hanna",Chad Miller,230.720.0132x08228
"96988 John Walk
Cookville, MS 42557",Everett-Fisher,Beth Torres,(482)376-8580x937
"8366 Yang Knolls Apt. 044
Lake Katrinastad, OR 72889",Sutton PLC,Bonnie Pham,+1-733-381-2038x642
"83976 Price Hill
Castillomouth, MS 43535",Meadows Ltd,Christopher Perry,001-523-226-5423x74147
"USNS Flores
FPO AA 92713",Kelley LLC,Amanda Pugh,(268)794-9952
"82401 Gilbert Crest
West Taraborough, SD 50822",Howell-Coffey,Richard Smith,+1-951-897-8968x638
"097 Henry Turnpike
Kathyview, DC 24592",Clark-Vang,William Day,+1-832-941-5682x2171
"USNS Walker
FPO AP 58429","Lee, Robinson and Armstrong",Alexander Sanchez,579-731-4001x22705
"5585 Aaron Motorway
Hansonfort, WY 88705",Wise-Francis,Andrew Boyd,4434014095
"69495 Kirk Summit
South Lori, AK 67348",Hughes LLC,Adam Green,954.964.6914
"3142 Bell Fork Apt. 962
North Brian, KY 47391",Roberson-Santana,Sarah Andrews,(366)521-8483x50106
"716 Barr Tunnel Apt. 989
South Jessicaborough, WY 18467","Guerrero, Harvey and Lane",Joshua Allen,872.785.1305x28764
"942 Singh Inlet
Port Lesliefurt, WV 04396",Cunningham-Hunt,Richard Willis,4696791079
