firstName,lastName,studyGroup,phoneNumber,position
William,Mueller,РК1-4,(518)737-0065,NotTech
Samuel,Marshall,Л2-2,799.749.9976,TechSenior
Katie,Young,ПС11-8,837-594-6145,NotTech
Tina,Scott,ЮР12-5,001-951-633-2215,TechJunior
Taylor,Fuller,Л10-2,001-595-322-6670,TechJunior
Ethan,Mcintyre,ИБМ10-4,(287)816-6723x3911,TechSenior
Chelsea,Smith,РКТ12-2,426-765-6177x3227,TechSenior
Ryan,Hunt,РК6-3,001-233-374-5509x37356,NotTech
Gregory,Pennington,РКТ3-4,001-539-711-4849x88078,TechSenior
Karen,Scott,ИУ9-8,476-359-4240x491,NotTech
Amy,Walker,Э3-6,001-412-460-4338,NotTech
Patrick,Aguirre,МТ7-4,728.754.6676,TechJunior
Michael,Sosa,ПС2-4,945.909.5925,TechJunior
Jeffery,Dixon,РТ3-7,8213835072,NotTech
Lindsey,Stewart,РТ2-1,877-388-0507,TechSenior
Christopher,White,МТ4-3,(477)236-0778x10423,TechJunior
Linda,Barrett,ИБМ13-1,8426130613,NotTech
Audrey,Henry,АК10-1,001-745-809-5671x41232,TechSenior
Jennifer,Park,РКТ11-5,437-871-9948x6313,NotTech
Amy,Marshall,ПС5-5,4097052454,TechSenior
Daniel,Hale,ЮР7-1,806-687-3535,NotTech
Kayla,Li,СГН12-5,001-962-845-8158,TechJunior
Jackie,Johnson,МТ12-1,+1-689-506-1664x595,TechJunior
Evan,Perry,РЛ9-4,374-800-3731,TechSenior
Lucas,Jackson,ИУ9-1,697.763.0986,TechSenior
Dustin,Dawson,ФН5-4,(769)282-6341x77070,TechSenior
Joshua,Green,ПС5-2,800.777.5610,NotTech
Vanessa,Smith,РЛ10-8,897-449-3176x9050,TechSenior
Barbara,Jackson,БМТ13-3,(860)604-9435x272,TechSenior
Tracy,Hughes,СГН9-7,732-261-1031,TechJunior
Sarah,Shaw,СГН4-6,309.868.6559x624,TechJunior
Mitchell,Coleman,ЮР10-6,+1-302-240-8426x80629,TechSenior
Edward,Smith,СГН3-8,889-639-6604,NotTech
Diane,Cain,ИУ13-8,(467)979-1536,TechSenior
Kayla,Hunter,ФН3-1,350.989.3504,NotTech
Jody,King,АК5-8,988.656.9671x5522,NotTech
April,Salazar,ЮР12-6,793.532.3877,TechJunior
Stephanie,Fowler,РКТ3-6,339-661-1213x406,TechSenior
Donna,Wilson,РТ6-4,+1-748-424-4678x1526,TechSenior
Ashley,Patterson,АК2-8,001-299-781-6465,TechJunior
Gerald,Ward,ИУ7-5,690-514-2851x837,TechSenior
Karen,Jackson,РТ10-1,(407)656-0318x702,TechJunior
Craig,Smith,ЮР12-4,(277)733-9702x917,TechJunior
Victoria,Sanchez,АК8-8,001-818-511-6456x389,TechJunior
Matthew,Bishop,МТ8-8,(896)747-7878x37557,TechJunior
Charles,Myers,РЛ9-5,001-568-957-8495,TechSenior
Richard,Mcclain,Э11-2,883.760.3831,TechSenior
Sara,Strickland,АК10-5,(273)374-4448,TechSenior
Christopher,Romero,СГН5-8,(920)357-6646,TechJunior
Julie,Ortega,БМТ12-5,001-608-934-9040x223,TechJunior
Diana,Adams,СМ2-6,511.252.9773x89535,NotTech
Eric,White,ЮР7-5,001-573-527-1231,NotTech
Emily,Garcia,ИБМ13-7,635-561-5601x8566,NotTech
Melissa,Meyer,Л12-1,857.482.2707x49043,TechJunior
Jimmy,Pierce,ИУ10-3,475-534-9334x1319,NotTech
Kim,Sullivan,РКТ7-3,674.872.8357,NotTech
Marie,Boyer,СМ10-1,492-323-7162x96818,TechJunior
Kimberly,Vargas,ИУ7-1,001-440-511-2546x1267,TechJunior
Andre,Simpson,РЛ12-7,589.317.8405x732,NotTech
Lance,Hull,Э2-5,705-450-4101x621,TechSenior
Kim,Esparza,ИБМ10-8,604-821-8959,TechJunior
David,Marshall,СГН12-2,001-286-663-0305x45770,TechSenior
Jeremy,Harper,Э12-2,717-628-7953x61225,TechSenior
Christina,Sexton,ФН3-5,(567)956-3866,NotTech
Tonya,Wang,АК9-8,215.496.5396x5145,TechSenior
Brian,Martin,РТ3-5,001-272-731-9199x8858,TechJunior
James,Guerrero,РТ9-4,001-698-644-6791,NotTech
Randy,Smith,РК8-4,+1-403-680-5318x973,TechJunior
Katelyn,Gutierrez,АК4-3,7546865687,TechSenior
Robert,Anderson,ФН13-4,226.723.4275,TechJunior
Jonathan,Gonzalez,БМТ3-8,+1-822-795-1663x4410,NotTech
James,Ruiz,РКТ9-1,765.544.6797,TechSenior
Patricia,Perry,СГН3-8,253-317-1418x03045,NotTech
Francis,Myers,АК6-2,(967)917-9018x44570,TechJunior
Beth,Holmes,РТ7-1,+1-905-310-7999x535,TechSenior
James,Cooley,СГН8-1,856-806-9730,TechJunior
Harry,Mahoney,ИУ12-4,575-280-1394x174,NotTech
Ronnie,Baker,АК12-7,410.742.8000,TechJunior
Michael,Wiley,ЮР13-6,664-684-4614,TechJunior
Paul,Romero,СГН10-4,001-450-847-3486,TechSenior
Darrell,Lewis,СМ11-6,9026034745,NotTech
John,Myers,БМТ2-5,849.440.1289x9429,NotTech
Edward,Smith,БМТ5-7,001-396-465-7422x99645,TechSenior
Donald,Jackson,АК11-2,817.600.4481x49755,NotTech
Susan,Evans,ФН10-2,(547)728-4950,TechSenior
Julie,Gomez,РТ7-8,(720)651-3239x35485,TechJunior
Matthew,Hernandez,РКТ9-8,+1-721-962-0894x524,TechJunior
Ann,Nelson,СМ3-6,+1-599-242-6252x74397,NotTech
Kimberly,Evans,РКТ8-3,389.287.4599,TechSenior
Michael,Watkins,АК10-2,001-763-771-3057x32464,NotTech
John,Henderson,РЛ5-7,(819)741-4030x4792,TechJunior
Derek,Smith,РК2-5,001-694-835-3699x54163,TechSenior
Karen,Hall,ИБМ11-8,001-801-215-7505x432,TechJunior
Sandra,Wright,ИУ5-3,001-249-969-6179x360,NotTech
Steven,Mckay,Л2-7,(787)545-9114x9774,TechJunior
Carrie,Cochran,АК3-2,001-495-463-7566x212,TechJunior
Kimberly,Gay,РК3-4,+1-408-924-2912,TechSenior
George,Smith,МТ2-6,663-357-1091,TechJunior
David,Levy,ПС1-6,001-296-343-6638x6770,TechJunior
Jon,Reilly,РЛ4-7,001-812-691-5069x6074,TechSenior
Shannon,Scott,ИУ6-4,473.850.7209x4703,NotTech
Todd,King,ИБМ2-2,+1-937-350-3499,TechJunior
Christopher,Thomas,ИБМ3-6,001-399-546-9191x71922,TechSenior
Michael,Hill,СГН13-7,986-736-3188,NotTech
Elizabeth,Thompson,РКТ13-4,297-347-8031x25952,TechJunior
John,White,СМ2-7,001-415-691-2787,TechSenior
Benjamin,Reyes,ПС12-4,001-877-371-1377x762,TechSenior
Dennis,Ryan,РК7-1,001-796-428-5081x65746,TechSenior
Christine,Grant,ИБМ13-5,+1-713-839-6977x5560,TechJunior
Andrew,Phillips,СГН12-1,(506)776-2657x58908,TechSenior
Laura,Wang,Э13-2,291-398-6402x016,TechSenior
Bryan,Lowe,ФН3-2,(284)276-4948x7683,TechJunior
Stephanie,Murphy,РТ1-1,001-891-373-2146x58360,TechJunior
Deborah,Duke,АК7-6,(915)879-5664x3847,NotTech
Alex,Rodriguez,ЮР5-6,8519497006,NotTech
Samantha,Ford,ПС2-6,904.701.3535,TechJunior
Amanda,Lopez,ПС10-4,863-815-8422x568,NotTech
Theresa,Miller,ФН4-8,806-717-2041x694,TechSenior
Jessica,Foster,РЛ2-5,+1-446-334-0163x4858,NotTech
Marisa,Williams,Э10-5,306-510-9567,TechJunior
Brittany,Reyes,БМТ2-7,(924)915-3295,TechJunior
James,Hernandez,РК3-1,606-426-8149x4551,TechSenior
Carla,Daniels,РК8-4,(607)462-7484x52148,TechJunior
Jason,Ayala,БМТ6-5,001-384-579-9356x317,NotTech
Justin,Rodriguez,ИБМ7-1,+1-724-814-4545x5555,TechSenior
William,Martin,ИУ5-6,242.576.5856x1002,NotTech
Kristen,Murphy,РТ9-2,001-307-819-8005x322,NotTech
Michael,Cook,СМ9-5,325-828-4695,TechSenior
Michelle,Bradley,МТ1-5,(603)372-6119,TechSenior
Andrea,Gardner,Л11-7,(699)944-4816x0838,TechJunior
Daryl,Frey,РТ13-5,714-437-6435x11070,TechSenior
Samantha,Mercer,МТ4-1,983.817.5705x136,TechJunior
Justin,Howe,РКТ10-7,(291)519-7510x9506,TechJunior
William,Reyes,РТ1-7,6157254925,NotTech
Matthew,Schneider,ПС1-1,758-362-9649,TechJunior
Christina,Ramirez,ЮР13-3,2959710012,TechJunior
Troy,Adams,ЮР11-6,001-796-537-5205x029,TechJunior
Jason,Swanson,РТ10-3,908-393-3991x85327,TechSenior
Richard,Matthews,Э13-6,956-897-3838x0028,NotTech
Joe,Carter,Л9-5,+1-434-272-6389x1322,TechJunior
Vanessa,Wilson,ПС8-8,(877)323-9249x8377,TechSenior
Eric,Patton,Э2-2,001-753-796-4887x192,TechJunior
Melissa,Williams,АК13-6,2889747926,TechSenior
Peter,Burgess,Л6-5,(743)734-5324,NotTech
Jennifer,Thompson,ИБМ11-4,001-266-511-8320x1215,TechJunior
Kevin,Newman,ПС5-3,(708)696-2192,NotTech
Aaron,Garrett,РКТ9-7,624.562.4097x87576,TechSenior
Heather,Powell,АК3-2,476.314.1637x76715,TechSenior
Jeffrey,Turner,АК2-1,503-378-4900x867,NotTech
Mary,Velasquez,МТ4-2,001-444-957-0329x1750,TechSenior
Zachary,Mcclure,ФН3-8,+1-989-246-7440x5551,NotTech
Donna,Jenkins,АК5-4,780.509.4916,NotTech
Tiffany,Shelton,ФН5-4,6978813252,NotTech
Melissa,Buchanan,РТ3-2,560-319-4111x7402,TechSenior
Mark,Conley,СМ10-8,+1-579-647-3380x87850,TechJunior
Mary,Brown,ИБМ2-2,+1-956-404-9809x146,NotTech
Andrew,Sellers,ПС7-7,327.812.4058x86669,NotTech
Steven,Schmitt,Л1-7,416-857-6598,TechSenior
Amber,Singleton,Л8-5,749-934-5647,NotTech
Richard,Chavez,ЮР11-2,(886)532-7479x27993,TechJunior
Jose,Conway,РК7-5,219-947-9177,TechSenior
Elizabeth,Thompson,МТ10-7,+1-688-878-4610x65526,TechSenior
Daniel,Michael,РКТ9-4,001-940-812-6893x74718,NotTech
Travis,Austin,СГН7-3,(447)695-0847x8521,NotTech
Kimberly,Holloway,РКТ12-5,770.405.6884x80591,TechJunior
Sarah,Hodges,Э12-1,001-916-273-5511,TechSenior
John,Johnson,СГН5-1,+1-957-783-4980x3681,TechSenior
Elizabeth,Smith,ИУ12-5,001-444-894-3044x246,TechJunior
Matthew,Wallace,РКТ11-8,417-790-6163x5396,NotTech
Melissa,Wright,РЛ1-3,(385)875-5873x95185,TechJunior
Bruce,Phelps,ИУ12-1,+1-388-691-2235,NotTech
Matthew,Harris,ФН12-8,940-461-1043x367,TechJunior
Nathan,Jones,ИУ5-3,673-791-1817,NotTech
Allen,Wallace,РТ5-8,(519)300-4681,TechJunior
Rebecca,Wilson,РЛ5-6,649-317-6442x2882,TechJunior
Stephen,Jordan,РТ2-6,6753202232,TechJunior
Deborah,Jordan,ЮР12-1,001-547-785-0664,TechJunior
Christopher,Skinner,БМТ5-4,+1-866-601-6994x8682,NotTech
Peter,Savage,СМ12-7,(547)680-7765,TechJunior
Kristin,Boyle,Э1-3,695-759-7610x988,NotTech
Jose,Armstrong,ИБМ2-3,(497)663-7323x02866,TechSenior
Amanda,Dyer,Э12-2,(383)432-6683x392,TechSenior
Brenda,Bautista,СМ6-4,495.559.7159,TechSenior
Patricia,King,ПС11-2,001-256-206-7683x814,TechSenior
Kevin,Aguilar,АК3-6,(381)928-1333x905,TechJunior
Walter,Webster,РЛ3-5,2306123674,TechJunior
Samantha,Watson,МТ1-3,001-368-521-2329,TechSenior
Marcus,Romero,МТ1-5,682.415.2419x2187,NotTech
Bonnie,Robinson,ИБМ2-1,637-705-6698,TechSenior
Meredith,Jones,БМТ4-2,565-788-6037x995,NotTech
Darrell,Howard,АК1-2,849-652-2614,NotTech
Kimberly,Robinson,Л2-6,(549)528-0860,TechJunior
Stephanie,Myers,РК1-8,(497)380-6825x0267,TechJunior
Tiffany,Lawrence,СМ5-2,969.694.5340,NotTech
Amanda,Warren,РКТ6-5,(871)691-2205x337,NotTech
Jeremiah,Farmer,РТ5-5,(432)491-1616x43833,NotTech
Nicole,Castro,БМТ12-8,(423)307-7299,TechSenior
Adrienne,Clark,СГН11-1,(914)292-2031x062,NotTech
Matthew,Mcdonald,БМТ13-4,560-259-2482,NotTech
Linda,Alvarado,ФН7-5,+1-812-787-2381x17131,TechSenior
Jennifer,Lee,БМТ8-6,(326)823-3527,TechSenior
Michelle,Davis,Л6-6,+1-843-653-1887x2582,TechJunior
Dana,Cantu,РЛ12-4,+1-340-965-3245x083,NotTech
Gregory,Marshall,МТ1-2,596.869.9752,TechJunior
Eric,Spears,РКТ7-4,001-687-430-3610,NotTech
Corey,Jones,РК13-3,2629399851,TechJunior
Kathleen,Miller,РТ1-1,(826)389-0176,TechJunior
David,Johnson,РЛ4-2,+1-450-483-1737,TechSenior
Natasha,Edwards,РК13-5,001-468-735-0943x904,TechJunior
Dennis,Barton,СМ1-1,7908247549,NotTech
Kenneth,Oconnor,МТ4-5,+1-892-642-9379x0554,TechSenior
Rebecca,Lopez,ИУ5-1,(649)213-3210,TechSenior
Andrea,Miller,РЛ11-6,001-923-313-0553,TechSenior
Patrick,Dodson,БМТ11-2,001-654-304-2070x44880,TechSenior
Eddie,Smith,ИБМ7-1,340.276.0425x321,TechSenior
Michael,Holland,ИУ9-7,381-306-8915x638,TechSenior
Sonia,Smith,Э5-3,974-535-6226x92874,TechSenior
Alexander,Patel,СМ4-5,+1-549-260-4257x83006,TechJunior
Jillian,Hammond,ИБМ6-5,001-943-614-9427x77034,TechSenior
Rodney,Lynch,БМТ10-1,(389)946-8459x335,NotTech
Aaron,Caldwell,СМ5-1,739.446.8603x62636,NotTech
Dean,Lewis,МТ10-2,(649)790-1729,NotTech
Jonathan,Booker,ИБМ1-5,+1-471-558-3218x046,TechSenior
Brittany,Lucas,ФН3-2,001-526-923-1114,NotTech
Robert,Chapman,СМ10-4,001-667-687-1990,NotTech
John,Stephens,РЛ3-5,744-498-3546x04567,TechJunior
Cassandra,Martin,ИУ5-8,431.510.1327,NotTech
Kristen,Cox,Э12-3,+1-522-654-1766,TechSenior
Thomas,Flores,МТ12-3,001-452-239-2739,NotTech
Mark,Morales,ИБМ12-7,4737757865,NotTech
Whitney,Shea,МТ3-8,380-744-2822,TechJunior
Alexandra,Richards,ЮР6-1,780.290.8115x36848,TechJunior
Hannah,Oconnell,ИБМ3-8,413.388.1774,TechSenior
Frank,Cobb,ИУ8-2,4313563040,NotTech
Gina,Lee,ФН10-1,(431)475-9763,TechJunior
Linda,Day,РК9-3,+1-495-798-5481,NotTech
Pamela,Jones,БМТ8-3,(455)278-7234,TechSenior
Jacob,Wade,РТ8-6,617.892.7133,NotTech
Brittany,Cummings,РЛ7-7,001-652-577-9694x927,NotTech
Samantha,Lee,МТ4-5,(739)507-7589x82974,NotTech
Natasha,Medina,Э1-8,(211)561-7228,NotTech
Vanessa,Bowers,ИБМ9-7,400-726-6204x80010,TechSenior
Corey,Miller,Л10-8,508.819.6188x1708,TechSenior
Chris,Parker,ЮР9-7,+1-276-983-7523x78690,TechSenior
Brent,Webster,РК5-3,7433619221,NotTech
Richard,Brown,СГН3-2,(377)847-4255,TechJunior
Anthony,Owens,Л6-6,694.623.0659x77225,NotTech
Laura,Salazar,ФН11-5,001-710-775-5851x169,TechJunior
Adam,Estrada,РЛ11-4,+1-553-466-7919x50131,TechJunior
Heather,Fisher,Л3-8,(863)925-2430x6181,NotTech
Sharon,Hill,РКТ12-2,951.231.4120x139,NotTech
Michele,Huerta,ИУ8-4,001-373-628-5182x34238,TechJunior
Donald,Parker,БМТ9-5,001-753-982-4013x358,TechJunior
Amanda,Fleming,ЮР6-1,3156063594,TechJunior
Rodney,Jones,ИБМ13-2,(441)816-9836,TechSenior
Sydney,Jordan,Э1-1,+1-474-432-9893x7574,NotTech
John,Brown,РК8-3,(747)570-9187x2354,TechJunior
Karen,Montgomery,РКТ1-5,+1-860-303-4363x9410,NotTech
Kathleen,Johnson,ИБМ5-7,(401)912-0710,NotTech
Lawrence,Martinez,ИУ5-5,(415)319-2021x19559,TechJunior
Sandra,Coleman,ФН7-5,(400)845-3613x27134,TechSenior
Sonya,Cunningham,БМТ6-6,(583)326-0252x81512,NotTech
Todd,Bailey,РЛ8-4,(328)262-0334x47779,TechSenior
Dylan,Snyder,СГН13-5,(753)854-9790x5118,TechSenior
Sara,Dennis,РКТ10-3,365-222-5364x356,NotTech
Danielle,Brown,ФН6-8,(826)854-2961x934,TechJunior
Cynthia,Griffith,ЮР1-1,375.997.1255,NotTech
Monique,Graves,Э6-7,(671)229-6422x891,NotTech
Melanie,Shepherd,ПС8-1,212-357-2990x3835,TechSenior
Jeffery,Roberts,РТ5-3,001-589-738-3915x8153,NotTech
Brett,Landry,ПС4-3,672.460.1700,TechSenior
Tammy,Nelson,СГН1-4,(992)795-0425x089,TechJunior
Wayne,Morgan,Э7-8,001-784-299-7847x083,TechJunior
Ian,Brown,ЮР4-1,(255)370-4744x6801,NotTech
George,Velez,МТ4-3,+1-910-350-5456x57853,TechJunior
Kyle,Tate,Л6-7,+1-445-754-3455x6650,TechSenior
Benjamin,Reed,ФН7-2,299-405-7281,TechJunior
Jessica,Adams,Э1-1,001-926-226-3378x013,TechJunior
Cody,Gilmore,ФН13-4,820.251.2383x35907,TechSenior
John,Mckay,Э2-8,(346)489-7475,NotTech
Elizabeth,Olson,Э6-4,522-825-1983x2949,TechSenior
Noah,Jackson,ЮР6-2,001-615-503-5065x98636,TechSenior
Tanya,Foley,СГН12-7,453-618-9375x9764,TechSenior
Donald,Jones,ЮР10-2,+1-974-211-3436x4622,TechSenior
Daniel,Kemp,БМТ8-1,(243)896-4324,NotTech
Shelby,White,АК7-2,(713)388-4302x60754,TechJunior
Alyssa,Jenkins,РТ9-3,4518447580,NotTech
Pamela,Davis,РК1-5,(740)983-9004x36731,NotTech
Christian,Cameron,ПС5-8,250.974.9840,TechJunior
Brittany,Jones,АК5-4,469-964-5984x621,TechSenior
Heather,Nelson,ПС3-8,+1-909-702-7143x8517,NotTech
Marc,Thomas,Л10-7,5568573111,NotTech
Wendy,Gardner,Л3-1,217-336-4093,NotTech
Herbert,Carter,ИУ12-2,862-306-8988,NotTech
Stacey,Schultz,СГН9-8,646.802.7720,TechSenior
Amanda,Green,ИУ12-7,549-240-3587x4664,TechSenior
Sean,Klein,ИУ13-1,924.610.8845x60265,NotTech
Yesenia,Mitchell,Э2-3,310.899.2852,TechSenior
Donna,Franco,СМ6-1,001-637-754-7067x076,NotTech
Patricia,Harrison,Э11-3,478.801.3332x04912,TechJunior
Melissa,Barajas,Э9-6,(481)276-7488,TechSenior
Daniel,Salinas,Л2-4,001-348-581-6603x15590,TechSenior
Joshua,Wallace,Л4-2,(814)961-6447x213,TechJunior
Nancy,Green,ИУ11-2,5805674625,TechJunior
Barry,Weber,ИБМ7-4,(846)735-8004x77206,TechJunior
Robert,Marks,Л2-1,646.898.0440x0139,TechSenior
Marcus,Gibson,ИУ10-8,502-722-5192,NotTech
Elizabeth,Flores,ИУ12-4,573-707-1676,TechJunior
Erin,Galloway,БМТ2-4,+1-845-820-2189x82914,TechJunior
Heather,Wiggins,РЛ4-3,(926)966-7396x82200,TechSenior
Andrew,Johnson,ЮР3-3,001-851-670-4246,TechSenior
Paula,Bradley,Л7-3,266-605-0018x975,TechSenior
Michelle,Erickson,БМТ2-7,(244)770-6429x8570,TechJunior
Tiffany,Davis,ИБМ5-5,001-311-968-2563x638,NotTech
Matthew,Martinez,ИУ8-6,001-634-774-7779,TechJunior
Jeffrey,Mccarthy,Э11-1,393-691-3747x52070,TechJunior
David,Bradshaw,РК12-1,398-686-4831,TechSenior
Robert,Castillo,РК2-5,2866741824,NotTech
Michael,Haley,АК9-2,413-822-0585x78466,TechJunior
Angel,Riley,СМ10-4,965-488-5251,NotTech
Stephen,Thomas,АК10-2,569.325.0947x598,NotTech
Nicole,Holder,СМ1-3,(260)517-6791,TechSenior
Kyle,Levy,ИУ13-8,001-637-538-6698x616,TechSenior
Jonathan,Davis,РК11-8,950.574.6738,TechJunior
Steven,Burns,ИБМ9-6,001-545-574-5514x8774,NotTech
Lisa,Cruz,МТ1-7,001-206-329-3157,TechJunior
Mary,Sanders,БМТ3-5,+1-547-955-9833x6151,TechSenior
Nicole,Torres,ИУ2-4,001-694-300-0361x1549,NotTech
Anthony,Peck,РЛ1-3,308-816-3529x23535,TechJunior
Crystal,Sharp,РЛ12-1,829-837-9678x139,NotTech
David,Cox,РТ4-4,+1-530-798-6135x67592,TechSenior
Taylor,Morris,СМ5-7,+1-722-989-9815,TechJunior
Neil,Green,Э10-2,980-991-8295,TechJunior
Vernon,Park,ФН5-8,996.481.7861,NotTech
Cindy,Schaefer,Л5-7,858.381.9421x245,TechSenior
Janet,Anderson,ИУ3-6,001-281-590-8504,TechJunior
Angela,Montoya,РКТ4-7,644.429.3264x23372,NotTech
Stanley,White,БМТ10-2,(432)459-0840,TechJunior
Christy,Smith,ИУ9-2,001-958-783-9976,NotTech
Nicole,Horne,СМ8-2,389.762.7567x985,TechJunior
Denise,Cohen,ФН6-2,966.278.1918,TechJunior
Shannon,Hernandez,ФН12-1,001-465-966-0540x061,TechJunior
David,Johns,ИУ13-1,(970)461-5259x5920,TechSenior
Patricia,Stewart,ИБМ13-1,(686)688-7180,TechJunior
Melissa,Hester,ЮР3-6,+1-564-471-7220x7040,TechJunior
Jamie,Stokes,АК13-8,(689)969-7604x695,NotTech
Stephanie,King,Э7-4,295-294-9658x8695,NotTech
Angela,Burnett,ИУ10-6,001-228-799-7884x99936,TechJunior
Marcia,Barr,СМ11-1,(809)568-7541x11105,TechJunior
Christopher,Smith,ЮР7-4,443.242.6684x795,NotTech
Nathan,Thomas,Л6-8,(971)841-1401x89806,NotTech
Laurie,Jones,МТ1-5,422-387-2695x683,TechJunior
Tyrone,White,Л3-1,818-234-5738x32147,TechSenior
April,Melendez,РЛ12-4,661-926-7016x67674,TechJunior
William,Moore,РК6-7,(230)382-2342x84713,TechSenior
Sean,Garcia,РЛ8-1,+1-354-835-4278,NotTech
Lisa,Moss,РК5-5,001-229-925-6784x9259,NotTech
Wayne,Williams,ИБМ5-3,(680)920-0140,TechSenior
Lisa,Snyder,ПС12-7,777-858-1210x28350,TechSenior
Mary,Miller,РК11-4,+1-952-773-4137x42991,TechSenior
Joshua,Johnson,ФН1-7,(741)677-8389x82570,TechJunior
Douglas,Tran,БМТ10-4,001-950-996-9898x435,TechJunior
Kimberly,Carter,СГН5-5,689.350.0985,TechJunior
Sara,Obrien,РК11-5,+1-772-696-1007,TechSenior
Kelly,Hall,Э9-7,797.815.2049x946,TechSenior
James,Martinez,МТ6-2,(501)989-6858x62829,TechJunior
Kevin,Clark,ФН6-4,562-691-7497x41807,TechSenior
Theresa,Barry,БМТ4-1,(247)945-2923,TechJunior
Edward,Patel,РТ7-1,001-894-626-1661,NotTech
Brittany,Hancock,РК3-1,886-429-5146x1281,NotTech
Justin,Vazquez,ЮР3-7,532.250.0311x731,TechSenior
Russell,Bell,МТ4-3,+1-568-560-1355x522,TechSenior
Cassandra,Clay,ИБМ8-4,+1-290-443-2368x139,TechSenior
Kevin,Brown,ИБМ7-5,(978)469-1453x398,TechSenior
Jennifer,Coffey,РЛ3-5,(455)688-9813x9679,TechSenior
Sabrina,Franklin,ИБМ9-7,001-731-359-7140,NotTech
Jason,Davis,РЛ4-1,682-302-4069x784,TechJunior
John,Campbell,РК11-2,001-593-678-5593x402,NotTech
Margaret,Garcia,ИУ13-8,829.918.4237,TechJunior
Teresa,Todd,ФН9-1,(605)634-0958,NotTech
Amy,Mitchell,АК7-1,(886)325-9693,NotTech
Michael,Beck,Л13-5,717.915.1630x9709,TechSenior
Carol,Davies,СГН6-8,+1-351-829-4539x3325,TechJunior
Ryan,Collier,РТ6-6,352-876-0059x5253,NotTech
Jenna,Cohen,СМ12-7,+1-797-366-1894,NotTech
Jason,Frazier,ИУ12-1,841-825-1785x60044,TechSenior
Sarah,Williams,ЮР1-6,9794127947,TechSenior
Robert,Garza,Э1-3,(369)828-4885x5851,TechSenior
Monique,Long,СМ7-4,811-652-0459x92459,TechJunior
Kimberly,Keith,Л3-1,001-454-359-3543,NotTech
Melinda,Johnson,ПС12-6,807.363.1409x31294,TechJunior
Victoria,Smith,РК1-2,+1-372-750-5231x692,TechSenior
Jose,Williams,БМТ10-7,590.953.3555,NotTech
Stacey,Lawrence,БМТ2-4,001-676-537-7728x745,TechSenior
Melissa,Morris,РЛ1-2,402.633.5817,TechSenior
Christopher,Smith,РЛ11-6,515.452.5898x32546,NotTech
Jacob,Jackson,МТ11-7,001-861-863-3186x96761,TechSenior
Marisa,Holden,БМТ6-1,872.927.8702x420,TechSenior
Lisa,Bryant,СМ4-3,326.400.1470x9961,TechSenior
Erik,Ruiz,МТ13-6,(654)678-4714,TechSenior
Victoria,Shaffer,РЛ5-1,781.447.0823x471,TechJunior
Elizabeth,Mclaughlin,АК12-8,7556265406,NotTech
Sydney,Gibson,РК12-8,+1-486-902-8535,TechSenior
Ricardo,Johnson,АК8-6,9344941704,NotTech
Adam,Martinez,РТ5-7,971-718-5569,NotTech
Isaac,Smith,ФН11-5,454.473.5803,TechJunior
Daniel,Alexander,СМ8-3,(295)562-2669,TechSenior
Victor,Logan,МТ1-6,+1-340-940-5735x1431,TechJunior
April,Hanson,ФН6-1,695-942-1738x5665,NotTech
Shannon,Ellis,ИУ11-4,9608330616,TechSenior
Steven,Juarez,ИБМ5-1,323-325-1545x15534,NotTech
Charles,Huff,ЮР10-4,592-397-3263x791,TechSenior
Jeffrey,Martin,РК13-7,336-446-7093x07037,NotTech
Matthew,Miller,СГН3-5,890.733.9400,NotTech
John,Figueroa,ПС5-7,862-957-1833,TechJunior
Kimberly,Smith,ЮР1-6,640.916.5939,NotTech
Carol,Shepard,ИБМ12-7,001-802-283-7526x7921,TechSenior
Sharon,Rice,АК4-3,(884)883-6279,TechJunior
Tanya,Moore,ИБМ13-7,328-349-7543,NotTech
Meghan,Harper,ФН2-7,341-485-3518x9715,NotTech
Dana,Griffin,ЮР11-3,+1-610-636-1748,TechJunior
Jacob,Williams,МТ9-6,868-754-4293x1816,NotTech
Cameron,Barajas,РК6-3,(499)246-8937,TechSenior
Kirsten,Newman,ИБМ1-4,326.854.0882x9604,NotTech
Mark,Griffin,СМ10-1,(242)274-4178x279,TechSenior
Steven,Sheppard,АК12-1,(889)669-1627,NotTech
Paul,Roberson,ИБМ1-8,929-344-8133x950,TechJunior
Dominic,Carter,РТ2-4,616-844-2064x4161,NotTech
Robert,Crawford,АК2-6,329-786-4137,TechSenior
Rodney,Vasquez,Э12-7,291.349.2799,TechJunior
Elaine,Martinez,ПС4-2,(202)889-0194,TechSenior
Ashley,Harrell,МТ1-5,4149577512,TechSenior
Daniel,Ward,ИУ11-4,7738476459,TechSenior
Tara,Osborne,РКТ1-2,+1-703-773-9223,TechJunior
Amanda,Owen,ФН10-7,484.614.6764x01736,NotTech
Michael,Larson,РЛ6-6,+1-524-906-8635x432,TechJunior
James,Harris,СМ2-8,426-980-4576,TechJunior
Krystal,Palmer,Л9-3,(232)702-2183,TechSenior
Patrick,Diaz,РК6-5,001-343-520-5227x3589,NotTech
Dakota,Alvarado,РТ8-1,936.810.8056x4868,TechJunior
Daniel,Richards,ПС2-1,424-747-7076,TechSenior
Christina,Davis,РТ12-6,500-326-8978x4945,TechJunior
Marc,Moore,Э4-1,296.643.7308x6145,TechSenior
Kevin,Simpson,АК13-3,4379926521,TechSenior
Ryan,Ramos,РТ2-6,798.209.9995x747,TechSenior
Anne,Robertson,РК12-1,001-424-583-0251x584,NotTech
Brandi,Estes,Э13-7,202.578.3555,NotTech
Jennifer,Frye,РЛ3-1,725-334-8696,TechJunior
Jason,Oconnell,Э9-4,001-361-531-4262,TechSenior
Casey,Simon,РТ12-8,241-312-7142,TechJunior
Travis,Bennett,ПС2-6,(259)371-5439x02321,TechSenior
Crystal,Stewart,ПС8-7,+1-966-627-3187x105,NotTech
Sandra,Keller,СГН11-4,+1-839-969-8521x98496,NotTech
Angela,James,БМТ9-6,001-228-721-3170,TechSenior
Brenda,Gay,БМТ9-5,359.905.5715,TechSenior
Carolyn,Smith,МТ2-1,800.841.4295x2053,NotTech
Larry,Faulkner,СМ2-4,(879)832-5639,TechSenior
Bailey,Jackson,РЛ3-2,309-210-5005x641,NotTech
Cody,Howard,СМ7-5,314.345.2135,TechSenior
Darrell,Gibson,БМТ11-1,(938)541-7697,TechJunior
Daniel,Morgan,АК7-5,(689)216-7345x97709,TechJunior
Jane,Olson,МТ6-6,(565)841-9604x39461,TechSenior
Susan,Wang,РЛ12-7,001-685-576-0003x77614,TechSenior
James,Smith,Э10-4,539-948-0535x33104,NotTech
Shelia,Ibarra,ПС7-2,(742)813-5434x5220,NotTech
Julian,Quinn,БМТ1-3,(918)508-6157x667,TechSenior
Troy,Nelson,БМТ5-5,406-960-8245,NotTech
Ashley,Benson,ФН10-3,+1-887-776-6474,TechJunior
Amy,Olsen,СМ2-1,953.836.6151x052,TechJunior
Brent,Cross,СМ11-8,7218045284,TechJunior
Jason,Boyle,МТ9-1,+1-546-356-2026,TechJunior
Alexandra,Serrano,РКТ9-5,311.433.6749x1872,TechSenior
Katherine,Davis,БМТ13-2,001-533-520-9930,TechSenior
Tyler,Moore,РЛ10-8,+1-487-994-2370x94443,TechSenior
Louis,Williams,МТ6-1,2686713261,TechSenior
Austin,Mendoza,СГН4-8,001-928-260-0418x0222,TechJunior
Robin,Ramos,ПС8-6,306-345-8085x31678,TechSenior
Jeffrey,Richard,РЛ2-1,+1-859-274-1263x531,TechJunior
Leonard,Hill,ЮР8-8,001-328-842-8922,TechJunior
Leslie,Green,РКТ5-7,(986)581-7952,NotTech
Whitney,English,РКТ11-8,555.844.3881,TechSenior
Joshua,Bennett,Л3-6,(480)995-8203,TechJunior
Amanda,Thomas,Э10-2,001-596-694-8541x117,TechJunior
John,Hester,СГН8-1,(608)901-1390,TechSenior
Brittany,Rodgers,Э3-5,2413654885,TechJunior
Sandra,Perkins,РК8-2,312-328-8429x6554,TechJunior
Elijah,Robbins,ЮР1-2,001-875-208-9276x9468,TechSenior
Eric,Doyle,РЛ8-6,454.309.7080x918,NotTech
Brian,Johnson,ПС1-8,687-686-4317,TechSenior
Jennifer,Patterson,МТ2-7,+1-670-211-5293x13340,TechSenior
Jessica,Brown,ЮР13-1,(853)754-7227x8085,TechSenior
Michelle,Morgan,МТ5-4,937-661-1870x62599,TechJunior
Billy,Ritter,РКТ9-1,234.360.7743x08774,NotTech
Anne,Newton,РТ9-8,+1-686-288-2933x80807,TechSenior
Brenda,Hines,СГН2-8,767-504-8752x138,TechSenior
Zachary,Garcia,СМ2-7,264-837-7527,NotTech
Ronald,Caldwell,СГН5-4,+1-700-251-4805,TechSenior
Joseph,Johnston,БМТ7-8,+1-400-990-0744x058,NotTech
Jamie,Young,АК5-2,448-714-3814x65050,NotTech
Crystal,Rivas,Э8-2,556.961.4091x380,TechSenior
Thomas,Porter,ИБМ3-7,(949)558-8454x5385,TechSenior
Daisy,Gilbert,ЮР9-6,3575758905,TechJunior
Christine,Booth,БМТ9-7,001-444-475-6235x30546,TechJunior
Kristin,Cooper,ИБМ5-1,841-274-6624x4789,TechSenior
Steven,Lyons,МТ9-5,709-780-8088x361,NotTech
Robert,Hull,ЮР2-4,963-226-6345x62661,TechSenior
Anna,Taylor,МТ6-7,001-856-463-4550x7418,TechSenior
James,Guzman,ИУ10-5,(356)468-7520x340,TechJunior
Johnny,Weber,РКТ3-5,+1-557-328-5558,NotTech
Jessica,Mitchell,ФН6-8,7398841565,NotTech
Frederick,Anderson,СГН13-2,+1-528-695-4991x90719,TechSenior
William,Hanna,БМТ4-7,001-379-618-3264x645,NotTech
Andrew,Sweeney,РК7-6,4793820149,NotTech
Katherine,Dixon,Л5-6,425-929-4072x8109,TechJunior
Amanda,Bowman,СМ6-2,001-820-996-3089x716,NotTech
Stephanie,Keller,ИУ5-2,001-465-707-5835x69331,TechSenior
Kirsten,Brown,РЛ7-3,926.894.9728x166,TechJunior
Cathy,Moreno,ЮР3-3,(238)207-2361x31316,NotTech
Derek,Burton,ФН5-6,296.770.4400,TechSenior
Clinton,Sparks,ПС11-5,(924)539-5135x8955,TechSenior
Alejandro,Nelson,РКТ6-7,+1-760-757-1407x085,TechJunior
Misty,Lee,ЮР9-7,8906908652,TechJunior
William,Jackson,ИУ3-1,(809)815-0911x25954,TechSenior
Erin,Stein,ПС8-6,210.673.5640,NotTech
Joseph,Lee,ФН11-6,+1-946-645-3862x3179,TechJunior
Brian,Henderson,РКТ9-1,292-451-8056x5041,TechSenior
John,Williams,БМТ4-7,6744881034,TechJunior
Timothy,Terry,ФН10-7,6548397474,TechSenior
Paul,Hines,ФН10-6,9044774739,TechSenior
Aaron,Vazquez,ИБМ12-7,+1-428-850-2729x365,TechJunior
Debbie,Foster,РК3-3,001-357-275-9759,NotTech
Robin,Gilmore,Э5-6,745.782.6017x6247,NotTech
Matthew,Bartlett,ПС11-4,923-379-7879,TechJunior
Adam,Atkinson,АК13-8,(642)225-4461,TechSenior
Jennifer,Swanson,МТ13-4,729.745.5156,NotTech
Deborah,Wells,МТ13-6,810.371.8242,TechSenior
Caitlyn,Herrera,АК8-4,835.584.0530,NotTech
Jennifer,Bridges,РЛ2-2,797.845.9298x0584,TechJunior
Shelby,Ray,РКТ12-6,(905)611-5863,NotTech
Jeffery,Dyer,ЮР13-1,(448)925-0455,TechJunior
Tony,Edwards,РЛ13-7,322.637.5389x577,NotTech
Shelley,Mann,ЮР4-3,(794)499-0748,TechJunior
Anthony,Burton,РКТ4-3,3094219773,NotTech
Richard,Barton,МТ5-5,302.812.8114,TechSenior
Katrina,Rodriguez,БМТ13-7,001-916-524-5941x08221,TechJunior
Alejandra,Daniels,ПС1-5,896-796-1524,NotTech
Rebecca,Carrillo,ИБМ9-6,450-378-4863,TechJunior
Javier,Mcclure,БМТ5-2,8523910584,TechSenior
Christy,Garrett,МТ6-1,663-685-9050x4433,TechJunior
Robert,Price,ЮР6-8,(234)543-2827,TechJunior
Jason,Aguilar,БМТ10-8,878.649.1943x1548,NotTech
Amy,Morgan,АК5-4,001-906-399-1508x751,TechJunior
Michael,Gonzalez,РЛ2-7,573-200-2243x1789,TechJunior
James,Booth,РК12-5,309-223-8675,TechJunior
Joshua,Williams,СГН10-6,265-585-8698,TechSenior
James,Sanchez,РЛ2-6,680.683.2669x5713,TechSenior
Marie,Flores,РТ11-5,368.281.9058,NotTech
Benjamin,Wiggins,РЛ1-7,001-345-716-9705x67997,TechSenior
David,Clark,АК3-5,001-936-389-1752x657,NotTech
Tiffany,Byrd,Э6-2,+1-661-327-6439x45635,TechSenior
Anna,Young,ПС5-1,949.996.9850x824,TechJunior
Robin,Davis,ЮР5-7,(366)978-8370x5189,TechSenior
Denise,Marquez,АК8-7,+1-868-403-9862x84250,TechSenior
Stephanie,Dillon,ПС12-4,567.962.2412,TechJunior
Tony,Hernandez,Л2-7,702-264-5909,TechJunior
Calvin,Hanson,РЛ10-8,(781)417-0846x769,NotTech
Austin,Curtis,РТ6-8,(327)808-2281x3139,TechSenior
Garrett,Martinez,ПС10-6,+1-415-503-7066,NotTech
Shelly,Howard,ПС7-3,6156856939,TechJunior
Diane,Burke,РК13-4,5756697704,TechJunior
Alicia,Daniels,РЛ7-3,(559)464-1001,TechSenior
Laura,Garcia,ЮР10-7,518.536.4657,TechJunior
Anne,Watson,МТ8-4,001-484-408-3321,TechSenior
Jill,Ortega,СГН4-5,297-391-1181,NotTech
Timothy,Hughes,Э8-3,(982)599-2552,NotTech
Tara,Knight,ЮР7-1,286-858-1779,TechSenior
Alexander,Rogers,ИУ3-1,392-232-4066x6242,TechSenior
Brendan,Mitchell,ПС9-8,(529)388-8550x6842,TechSenior
Mario,Jones,РК4-4,(996)686-0044,TechJunior
Bobby,Fleming,ФН3-7,970.705.0494x42031,NotTech
Eric,Woodard,СГН6-7,+1-372-993-5712,TechJunior
James,Harvey,ИУ4-8,4133097247,TechSenior
Shawn,Casey,Л7-5,+1-701-974-6880,NotTech
Priscilla,Ward,Э11-1,+1-944-240-8828x663,TechJunior
Bryan,Smith,СГН6-5,+1-223-810-5426x00749,TechSenior
Olivia,Choi,МТ2-8,7885654636,NotTech
Stacy,Martinez,СГН4-8,+1-306-504-5291x8193,TechSenior
Zachary,Patterson,РТ4-2,(355)849-4425x05289,TechSenior
Joshua,Robinson,АК9-7,(208)906-7862x5919,NotTech
Jeffrey,Hood,МТ5-3,+1-654-203-7067,TechSenior
Brittany,Williams,Л9-1,401-501-1641x5753,TechSenior
James,Reid,АК5-2,001-201-685-5795x113,NotTech
David,Wilson,ИУ13-8,(761)949-6410x73891,TechSenior
Michael,Patel,АК4-8,5887462438,TechSenior
Maria,Pierce,РКТ6-7,575-386-3477,TechSenior
Jessica,Garcia,ИБМ12-7,810.442.7542x034,TechJunior
Eric,Hernandez,РТ6-4,(984)797-7031x7116,TechJunior
Kathy,Stewart,АК2-4,+1-384-771-1290x526,NotTech
Donna,Bailey,СГН5-3,567-981-8801x449,TechSenior
William,Sandoval,ИУ3-4,250-965-3348x3036,TechSenior
Sara,Davis,СГН4-3,445-694-3821x67965,NotTech
Darrell,Fitzpatrick,ИУ5-8,665.938.0681x83768,TechJunior
James,Vasquez,АК13-8,708-860-0217,TechJunior
Tammy,Wilson,БМТ13-6,001-267-203-5160x701,TechJunior
Elizabeth,Carter,РК4-2,001-426-458-3115,NotTech
Isabel,Jones,Л11-7,(964)866-7032x63144,TechSenior
Patricia,Gaines,МТ8-1,+1-505-362-3379,NotTech
Christine,Austin,Э7-5,+1-326-540-3312,NotTech
Matthew,Blackburn,ФН1-5,311.433.0803,TechSenior
Thomas,Perez,РТ8-6,+1-678-280-1951x459,TechJunior
Zachary,Castro,СМ1-4,312.612.6144x3394,TechJunior
Cameron,Harris,Л7-7,649.673.8764x986,NotTech
Alicia,Lee,СМ8-5,001-804-400-4441x5114,TechJunior
Andrew,Casey,ПС6-6,001-937-525-6173,TechJunior
Mary,Yates,МТ6-6,732-708-4202,TechSenior
Charles,Simpson,ИУ2-4,893-297-3716x86056,NotTech
Traci,Baker,РК8-5,(672)974-9137x8413,NotTech
Theresa,Cameron,СГН10-8,727.717.0179x9485,TechSenior
Rose,Anderson,СМ12-8,001-528-558-4096,NotTech
April,Armstrong,РТ13-3,941.332.1374x85822,NotTech
Jason,Castaneda,БМТ10-6,515-979-2673,NotTech
Donna,Coleman,Э11-3,538-344-5631x76261,TechJunior
Christine,Lee,Э10-6,625.268.2109x22466,NotTech
Teresa,Cole,РЛ13-8,+1-942-690-1465x987,TechJunior
Jean,Guzman,Э1-6,001-849-487-1060x259,NotTech
Michael,Bush,ФН11-3,(255)271-6587x2304,TechJunior
Kristen,Ross,АК11-4,483-393-2713x74169,TechSenior
Charles,Best,СМ3-3,424-703-0520x3209,NotTech
Andrea,Cooper,ИБМ7-1,743-332-0803x2018,NotTech
Alejandro,Morgan,РЛ10-6,001-775-481-9580x7460,NotTech
Angela,Martinez,Э3-4,+1-234-735-4315x74171,TechJunior
Brian,Smith,ФН5-8,001-376-698-1286x057,NotTech
Alfred,Walsh,ИУ3-3,227-272-9249x38113,TechJunior
Brittany,Berry,ФН2-5,001-654-638-8590x34235,TechJunior
Julian,Macias,МТ8-8,673.297.9598,NotTech
David,Harper,РТ5-2,515.706.3224x833,NotTech
Jeffrey,Dennis,РКТ11-4,+1-769-216-1138x871,TechSenior
Margaret,Parker,СМ3-4,001-724-495-6416x61950,TechJunior
Jacqueline,Vasquez,Э6-1,6682109400,NotTech
Kristina,Martin,ФН3-4,417.882.1350x22741,TechJunior
Jennifer,Black,ИБМ6-7,620.400.2073x254,TechSenior
Derrick,Baker,ФН1-6,222.722.1179,TechJunior
Lindsey,Walker,ИБМ5-8,+1-767-630-4109x816,TechSenior
John,Lewis,СМ5-5,001-727-886-0746x22816,NotTech
Tiffany,Smith,РК13-3,+1-396-565-4937,TechJunior
Misty,Rice,Л12-5,309-911-7197x3340,NotTech
Carolyn,Gregory,СГН2-7,(646)717-0731,TechSenior
Tiffany,Foster,БМТ1-6,394-722-7017,TechJunior
Crystal,Wilson,Л3-3,+1-789-461-7711x8466,TechJunior
Bobby,Cooley,ПС6-5,3484987060,TechSenior
Taylor,Barker,СМ3-5,+1-564-931-0137x03690,TechSenior
Timothy,Maxwell,СМ1-4,(789)456-0670,TechSenior
Robin,Greene,Э11-7,001-327-617-8818,NotTech
Emily,Salazar,РТ11-1,+1-698-825-6336x5417,TechJunior
Caleb,Kennedy,АК5-1,001-673-413-1808x9036,TechJunior
Kristine,Martin,РК5-4,(242)301-7035x134,TechJunior
Mark,Gonzalez,ЮР2-2,001-467-446-8133x797,NotTech
Sarah,Collins,РЛ2-1,(235)856-8934,NotTech
Robert,Kelly,АК9-6,911.719.5122,NotTech
Kayla,Martinez,РКТ11-4,+1-844-851-3911x015,TechJunior
Jason,Luna,ИУ2-8,(367)249-0547x1938,TechSenior
Matthew,White,ФН8-7,3622598979,TechJunior
Nicole,Lyons,ИБМ11-1,(785)656-6647x0057,TechSenior
Julie,Thomas,РК9-2,+1-595-641-0080x48622,TechJunior
Raymond,Robinson,РКТ3-8,(753)402-3215,NotTech
Jonathan,Salas,БМТ12-4,4202954044,TechSenior
Nicole,Roth,РТ3-6,939.883.0997x807,TechSenior
Tony,Whitaker,РК9-1,794.251.8689,TechSenior
Kristin,Gibbs,ФН13-5,271.730.5558x724,TechSenior
Karen,Kline,Л11-3,001-660-791-0216x4519,NotTech
Jeanne,Peterson,ФН13-2,206-803-5614x65623,TechJunior
Brenda,Young,МТ1-2,(920)240-8310,TechSenior
Monica,Porter,Л6-6,584.783.8408x773,NotTech
Eric,Peters,Л12-4,+1-218-979-2779x15314,NotTech
Joseph,White,МТ7-5,212-845-7152x12012,TechJunior
Daniel,Mccoy,РТ1-1,596.600.8961,TechJunior
Benjamin,Wallace,ИБМ11-4,(413)724-3841x14267,NotTech
Richard,Pena,Э9-4,(575)375-8955x5747,TechJunior
Mary,Hicks,РТ1-4,001-415-258-1322x34006,TechJunior
Emily,Robinson,ЮР2-5,934.287.7253x3059,NotTech
Stefanie,Sanford,РК8-2,+1-452-655-5245x39846,TechSenior
Breanna,Woods,РК12-5,(635)506-4659x25005,TechJunior
Susan,Shah,БМТ6-4,+1-265-540-4986x8704,TechJunior
Anna,Harris,ЮР9-5,+1-508-703-9133x036,NotTech
John,Oliver,ФН10-5,001-782-550-1780x4691,NotTech
Kathleen,Hansen,ЮР13-1,(410)624-5271,TechJunior
Kathleen,Velasquez,ИУ13-4,+1-407-768-0452x187,TechJunior
Nicholas,Harper,СГН8-4,3412207340,TechSenior
Laurie,Kelley,ИБМ10-4,(206)861-7044,NotTech
James,Robinson,РК3-2,001-777-229-9685x9366,TechJunior
Kelly,Booker,РК7-5,+1-414-654-8427x04848,TechJunior
Kristine,Perez,Л6-1,526.742.1853x221,TechSenior
Melissa,Hunter,РЛ1-7,(431)435-8588,TechJunior
Jonathan,Smith,ПС6-5,(601)863-2221x5854,TechJunior
Steven,Wells,ФН3-8,001-398-371-7083x892,NotTech
Paul,Smith,СГН13-1,543-851-8134,NotTech
Jeffrey,Lester,РК10-3,+1-305-279-6497x66378,TechSenior
John,Vaughn,РЛ11-5,001-892-452-6005x5156,TechJunior
James,Snyder,ЮР4-2,251-241-2778,NotTech
Robert,Thomas,БМТ3-2,386.228.9983x0215,TechJunior
Jillian,Gonzalez,РКТ12-5,001-558-321-0080,NotTech
James,Brown,РТ13-4,(386)919-1345,NotTech
Dawn,Smith,Л4-5,909-616-4766x0156,TechSenior
Benjamin,Trevino,МТ8-8,(469)290-3625x710,NotTech
Jamie,Cox,БМТ1-4,+1-690-208-3405x13177,NotTech
Julie,Hernandez,ПС9-5,001-958-543-5574,TechSenior
Danny,Miller,ИБМ5-6,001-761-483-1819,TechSenior
Richard,Stephens,СГН7-2,(616)917-8147,TechSenior
Edward,Moreno,ЮР5-6,241-464-8922x887,TechSenior
Benjamin,Williams,АК7-4,001-457-206-3552x439,TechJunior
Dean,Holt,РТ4-6,(239)971-3307,NotTech
James,Gomez,БМТ9-1,817.300.2138x76223,TechSenior
Hayley,Barry,ИБМ13-5,244-826-8696x5689,NotTech
Chris,Jackson,СГН12-8,848-765-9174x5442,TechJunior
Kyle,Ochoa,СГН3-4,247.947.6019,TechJunior
Troy,Terry,РКТ10-6,4753262748,NotTech
Colleen,Velasquez,ИУ5-7,001-733-623-2102x5840,NotTech
Amanda,Mcfarland,СМ4-1,308.727.1751x197,TechSenior
Brittany,Hampton,ПС2-7,(561)933-5622x21781,TechSenior
Andrew,Baker,РЛ4-8,728.729.4804,TechJunior
Cody,Hart,ЮР13-7,(967)211-5271,NotTech
Robert,Davis,ФН4-7,213-796-3861,NotTech
Cindy,Mooney,ПС4-7,686-957-1136x9736,TechJunior
Jay,Smith,РКТ8-2,586-545-6120,NotTech
Samantha,Spencer,Л13-2,(717)764-8115,TechJunior
Jason,King,ИБМ11-7,001-378-311-4902,NotTech
Robert,Aguilar,РКТ8-2,+1-235-827-8189x706,TechSenior
Daniel,Smith,РКТ4-8,001-243-695-0205x765,NotTech
Andrew,Sanchez,ИБМ2-8,001-754-208-8793x0848,NotTech
Jodi,Kelly,РЛ4-3,232.589.3481x0928,NotTech
Ashley,Manning,ПС7-7,+1-508-276-3283x526,TechJunior
Kelly,Richardson,РК12-8,(236)449-1258,NotTech
Allison,Pena,СМ6-4,001-486-778-5496x191,TechSenior
Jessica,Jacobson,РКТ5-3,(539)712-9119,TechJunior
Christopher,Edwards,ПС11-3,+1-557-601-9210,TechJunior
Joseph,Cooper,ФН8-5,286-963-4174x25407,NotTech
Cory,Nelson,РК6-1,495-228-0811x690,TechJunior
Grant,Rodriguez,СМ5-6,001-419-949-7377x635,NotTech
Sean,Griffith,МТ11-1,001-767-437-2279x053,TechSenior
Amy,Gibson,Л10-2,881-389-4937x412,TechSenior
Edwin,Ellis,Л8-5,935-637-0782x05707,TechJunior
Wesley,Smith,РТ13-5,+1-520-675-5114,NotTech
Evelyn,Kim,РКТ2-6,+1-687-646-8198x23436,NotTech
John,Williams,СГН1-3,351.963.5039x6956,TechJunior
Christopher,Bailey,РЛ6-8,(280)865-4659x9069,TechJunior
Cody,Zimmerman,БМТ10-3,(538)285-8605x5045,TechJunior
Mark,Perez,МТ5-4,301.581.6057x339,TechJunior
Nicholas,Williams,ИБМ9-3,001-289-572-6105x15470,NotTech
Mark,Myers,ПС13-4,(647)991-6128x094,TechJunior
Ann,Rodriguez,Л5-8,(964)571-9066,TechJunior
Jeffrey,Andrews,ЮР6-6,216.292.1129x8445,TechJunior
Matthew,Owens,МТ9-7,2537395278,NotTech
Ariana,Smith,ИУ7-2,+1-377-534-0410x84943,TechJunior
Michael,Allen,БМТ12-1,682-410-0010x1239,NotTech
Max,Francis,СМ2-3,369-471-3063,NotTech
Rebecca,Brooks,МТ8-6,739-958-8559,TechSenior
James,Williams,РК11-7,+1-410-562-8004x76870,TechSenior
Joshua,Whitney,ФН10-1,201-344-3449x6869,NotTech
Zachary,Mosley,АК1-7,535-307-5864x0872,NotTech
Hayley,Aguilar,ФН7-7,838.414.4757,TechJunior
Stephen,Norman,ИБМ1-2,9143357803,NotTech
Tiffany,Vincent,РЛ7-1,001-934-369-8713,TechSenior
Christopher,Moreno,СМ1-8,001-894-568-1782x8925,NotTech
Javier,Ortiz,БМТ3-4,237-366-0153x4647,TechJunior
Jill,Thomas,РЛ9-3,609-755-2104,TechSenior
Alexis,Goodman,ПС3-8,001-693-964-6487x910,NotTech
Gregory,Nguyen,ПС3-7,652-866-5187x27195,TechSenior
David,Sandoval,РКТ7-4,001-591-528-0044x03721,TechSenior
Shawn,Wall,АК3-6,+1-713-232-9339,TechJunior
William,Kim,Л3-3,636-988-2495,TechJunior
Anne,Garcia,РЛ6-7,623.655.7045x4445,TechSenior
Shawn,Nelson,ИУ5-3,(995)824-9599,TechJunior
Michael,Mcintyre,СГН3-1,406.256.9950x5408,TechSenior
Joseph,Conrad,РЛ2-7,+1-876-217-6572x1139,TechJunior
Vincent,Russell,ИБМ4-4,+1-557-856-2776x36759,TechJunior
Crystal,Bryan,РЛ7-5,627.417.4760x7096,NotTech
Donald,Frey,Л7-4,+1-866-423-7033,TechJunior
Lori,Lynch,АК12-4,+1-670-927-1658,TechSenior
David,Cisneros,ФН10-7,+1-508-760-4271x26282,TechJunior
Katherine,Berger,РЛ7-2,370-698-6374x13249,NotTech
John,Chavez,ПС12-2,(409)906-7855x72781,TechSenior
Lisa,Munoz,Э12-2,001-786-792-9377x06329,TechJunior
Tyler,Jones,СГН2-3,+1-344-569-4765x7654,NotTech
David,Harmon,ИБМ11-4,+1-526-433-3860,TechSenior
Donna,Roberson,БМТ9-2,4708884170,NotTech
Anne,Berry,ИУ7-2,5255636647,TechJunior
Rebecca,Lowe,СМ1-6,738.876.9886,NotTech
Rodney,Arnold,ФН13-2,001-901-574-5801x0257,NotTech
Cory,Chavez,РТ8-2,+1-280-372-8114x4482,NotTech
Barbara,King,РК10-5,+1-552-685-0415x36775,NotTech
Nathan,Reyes,РК11-3,(581)500-8922x49939,TechJunior
Adrian,Thompson,БМТ2-4,001-422-978-3213x054,TechJunior
Lisa,Miller,РК7-7,471.547.6361,TechJunior
Bradley,Walker,СГН1-3,(632)992-2702x84671,TechJunior
Michelle,Walker,ФН10-2,838.831.4692x34048,NotTech
Daniel,Pham,АК2-1,001-884-283-1407x6202,NotTech
Chad,Figueroa,РЛ9-3,(850)266-2105,TechJunior
Marcus,Maxwell,РТ2-5,(411)888-0532x66563,TechJunior
Julie,Lewis,ФН8-4,001-620-966-9494,TechJunior
Melissa,Duran,РТ3-8,(896)544-0962,TechSenior
Michael,Munoz,МТ9-6,414.528.2944,TechJunior
Rebecca,Mcfarland,МТ2-6,001-825-426-2589x8847,TechSenior
David,Larson,РКТ8-7,001-875-813-7176x7706,TechSenior
Stephanie,Gonzales,МТ2-6,220-878-2072,TechJunior
Andrew,Martinez,АК10-1,260.838.0982,TechSenior
Anthony,Martin,АК9-1,001-890-973-8236x43356,TechJunior
Jennifer,Walls,ПС10-6,678.563.8239x0540,TechJunior
Teresa,Peterson,АК8-2,(564)657-4442,TechJunior
Lauren,White,АК10-6,362-531-1207x68177,NotTech
Madeline,Cruz,РКТ10-7,928-589-2873,TechSenior
Miranda,Munoz,ПС4-8,620.803.5669x95203,TechJunior
Megan,Young,МТ8-6,+1-344-867-9286x6230,TechJunior
Jenny,Brown,АК1-6,694.713.5775x947,NotTech
Erik,Dixon,СГН11-5,203.600.1864x872,NotTech
Michael,Smith,МТ10-7,001-794-496-7743,TechSenior
Margaret,Blake,АК1-4,001-604-352-7480,TechSenior
Mary,Hoover,АК3-1,4846658589,TechJunior
Mitchell,Fisher,Л1-7,+1-825-721-6964,TechSenior
Michael,Thompson,БМТ13-2,+1-380-397-8424,TechJunior
Andrew,Simon,СГН7-8,264-545-9316x7207,TechSenior
Joseph,Hanson,РК10-7,+1-874-277-7384,NotTech
Joseph,Blake,ПС2-5,001-636-546-7202x0058,TechSenior
Kevin,Mcdonald,ПС5-8,001-217-419-6486,NotTech
Melissa,Walsh,ИУ9-7,391.683.2108,NotTech
Kimberly,Moreno,ИУ2-3,272.976.7625,TechJunior
Melinda,Gonzalez,РКТ2-1,(347)705-3987x404,NotTech
Lori,Woods,ЮР11-4,774-949-3242x308,TechSenior
Jonathan,Everett,АК4-8,001-389-246-2693,TechSenior
Melissa,Taylor,РК7-3,672.524.1816,TechJunior
Robert,Mullins,РК5-5,+1-403-759-8522x0251,TechSenior
Mariah,Robinson,ЮР10-6,+1-713-691-1607x390,TechSenior
Dana,Eaton,РЛ6-7,277-773-6557x06280,NotTech
April,Campbell,Л1-7,001-784-841-2679x45689,NotTech
Tammy,Chambers,РК10-1,(879)344-5254x429,TechJunior
Kristin,Kelly,Э13-1,(358)344-8346,NotTech
Anthony,Boyle,РК4-8,845-910-2714,NotTech
Justin,Morris,ЮР11-4,(418)672-0764,NotTech
Molly,Jimenez,АК2-8,+1-767-683-1150x6157,TechJunior
Maurice,Walker,ФН7-8,818.887.3164x146,NotTech
Willie,Lopez,ФН11-3,+1-661-610-9271x567,TechSenior
Kristina,Smith,РК2-6,001-203-871-5542x4528,NotTech
Sheryl,Evans,ПС3-4,001-500-449-1113x648,NotTech
Joseph,Kennedy,РКТ12-3,+1-693-761-3537x246,NotTech
Angela,Davis,БМТ12-1,950-304-5478x167,TechJunior
Steven,Lambert,ИБМ5-5,873-358-7125,NotTech
Joshua,Leonard,СГН10-6,580-975-9034,TechSenior
Cheryl,Bradley,АК11-6,331-428-0980x73262,TechJunior
Sarah,Bridges,МТ4-7,978.438.9419x2636,TechJunior
Leslie,Brooks,ФН10-2,(509)873-2962x59476,TechSenior
Kristina,Turner,ПС3-2,001-388-847-8255,NotTech
Brian,Taylor,ФН10-1,+1-613-989-3885x6991,TechSenior
Michael,Cox,ЮР8-2,(838)479-6086x4188,TechJunior
Daniel,Erickson,ПС3-7,419-998-5788x6334,TechSenior
Christie,Henderson,РКТ2-5,(524)311-3248,TechJunior
Jeanne,Ortiz,МТ5-4,+1-556-595-8673x8077,NotTech
Brandi,Acosta,СГН8-1,001-556-221-2632,TechSenior
Jason,Anderson,Э11-2,(566)882-9840,TechJunior
Tiffany,Miller,РТ2-6,579-833-2539x1358,TechSenior
Michael,Stokes,СГН9-2,(329)759-9974x754,NotTech
James,Mckay,РТ12-1,341.317.5746x310,TechJunior
Patricia,Suarez,ПС4-4,(429)571-4324,NotTech
Benjamin,Weiss,РКТ4-6,863.443.2159,TechJunior
Michelle,Fleming,ЮР10-6,(747)255-1705x870,TechSenior
Sydney,Berg,СМ4-4,212.499.1419,TechJunior
Lisa,Watson,РКТ6-3,455-989-1206,TechJunior
Jacob,Moore,РТ5-4,801.223.2876x780,NotTech
Tina,Buck,СГН9-4,(760)652-5977,TechSenior
Cynthia,Brown,СМ11-1,(234)734-0911,TechJunior
Chad,Hardy,ФН4-4,(980)436-7984,TechJunior
Brandon,Johnston,СМ8-1,001-442-965-3059x36513,TechSenior
Gail,Kramer,СГН8-3,(217)620-0183x626,TechJunior
Larry,Campbell,ПС13-1,001-991-863-1175x7805,NotTech
Brandon,Jones,ИБМ10-8,4559780926,TechSenior
Erin,Obrien,СМ9-5,223.300.4302,NotTech
Elizabeth,Austin,ЮР12-1,2977026627,NotTech
Donna,Buck,ПС11-3,455-463-1171x054,TechJunior
Heather,Dillon,ИУ10-5,001-597-304-4392x926,TechSenior
Christina,Evans,ФН1-8,871.808.1144x05572,NotTech
Andre,Woods,РК10-3,297-920-3661x413,NotTech
Chris,Christensen,СГН8-4,710-754-4851x1702,TechSenior
Annette,Wong,Э1-4,820.795.6582x612,TechSenior
Stephen,Johnson,ФН8-6,+1-900-386-3597,TechSenior
Charles,Green,РКТ4-3,+1-212-929-5756x785,NotTech
Stacey,Patel,ИУ7-5,348-643-9460,TechSenior
Catherine,Barnes,БМТ7-4,001-984-849-9241,NotTech
Reginald,Martinez,ИУ8-8,+1-882-536-6030,TechJunior
John,Newton,РТ9-5,(918)400-7361,NotTech
Joel,Alvarez,РКТ12-5,256.713.1616x2357,TechJunior
Aaron,Solomon,ИБМ6-7,415-912-3688x33469,TechSenior
Nicole,Lee,РКТ10-7,(368)897-5761,TechSenior
Victoria,Henson,РКТ1-2,001-304-512-7015x526,TechSenior
Christian,Cook,АК7-3,(336)921-3250x12606,TechJunior
Aaron,Mccarthy,АК1-8,8108699813,TechSenior
Lauren,Sanchez,РКТ5-5,(474)975-1077x9622,TechSenior
Kevin,Berry,РКТ5-3,668.463.4582x728,NotTech
Debra,Valentine,ИБМ5-7,001-801-442-0486,NotTech
Courtney,Proctor,СГН13-4,+1-413-727-2924x67166,TechJunior
Veronica,Cox,РКТ8-3,+1-358-529-8368x09201,TechJunior
Geoffrey,Schmidt,Э9-2,829.971.3540x092,TechSenior
Anna,Williams,МТ13-2,722-801-9805,NotTech
David,Baxter,СМ6-3,300.268.2134x781,TechSenior
Aaron,Ortega,РКТ6-5,812.447.9583x433,TechSenior
Ryan,Lee,ПС13-7,+1-705-660-2171x293,TechJunior
Amy,Huff,РЛ9-6,(405)729-9166x53960,NotTech
Jennifer,Knight,АК11-4,(322)728-0220x6634,NotTech
Susan,Murphy,РК8-1,(289)367-9296x238,TechJunior
Ashley,Wilson,РЛ3-4,001-391-986-8557x21722,TechJunior
Kathryn,Sullivan,ЮР7-6,323.362.0739,NotTech
Danielle,Keller,Л2-6,5084867589,TechJunior
Andrew,Braun,Л12-3,436.414.6660,TechJunior
Christopher,Thompson,Л1-6,5453462591,TechJunior
Brent,Everett,РКТ11-3,302.446.2920,NotTech
Mario,Benitez,ФН9-5,(248)582-7639,TechSenior
Christopher,Guerrero,РК4-6,(746)933-2272x988,TechJunior
Julia,Chase,РК11-8,5139579236,TechSenior
Anthony,Davis,ИУ12-7,(911)565-8429,TechSenior
Heather,Wallace,АК1-8,001-926-285-2311,NotTech
Michelle,Marsh,МТ4-3,5323033048,TechSenior
Denise,Johnson,РКТ10-8,(486)561-1662x3757,TechSenior
Priscilla,Foster,ЮР13-6,750.366.2889x53664,NotTech
George,Smith,БМТ7-2,(329)987-3580,NotTech
Ralph,Kaiser,РК5-5,3448653678,NotTech
Faith,Baker,Э10-6,001-771-514-1053x89069,NotTech
Nicole,Weber,Э9-6,(237)381-8527x64051,TechJunior
Angela,Arnold,Э12-4,+1-989-264-3410,TechSenior
Julie,Mahoney,ФН6-5,+1-460-857-4302x4403,NotTech
Shari,Shaw,ЮР3-6,(236)826-3812x65708,NotTech
Amanda,Hancock,ФН5-3,001-405-251-8461x308,NotTech
Matthew,Buckley,Л1-8,001-937-975-6501,TechSenior
Krystal,Howell,СМ7-4,218.505.6489x1589,TechJunior
William,Campbell,РТ11-1,5945738848,NotTech
William,Smith,РЛ5-7,599.529.1926,NotTech
Wendy,Montgomery,ПС11-7,9554367505,TechJunior
Mark,Lopez,МТ12-2,(864)202-4136,TechSenior
Mark,Patel,Л13-2,(585)429-2589x4569,NotTech
Dennis,Lynch,ЮР3-3,(765)413-7928,NotTech
Lynn,Lucero,ФН10-7,001-604-207-4444x80121,TechJunior
Victoria,Gray,Л13-8,(909)548-2567x0772,TechSenior
Carl,Stone,АК13-4,+1-351-618-2699x002,TechJunior
David,Turner,РТ6-4,+1-211-494-1538x9923,NotTech
Larry,Stein,СМ10-7,724.342.4125x337,TechSenior
Joshua,Singleton,АК4-3,(698)249-5944x0744,TechJunior
Savannah,Freeman,СГН5-4,682-239-6631x30439,NotTech
Ryan,Walker,РТ5-8,001-424-875-8875x743,TechSenior
Sarah,Miller,РЛ1-4,+1-847-352-8813x914,NotTech
Erika,Martin,РК8-3,001-574-621-6482x98470,TechSenior
Jeffrey,Savage,ИУ2-4,+1-885-609-6426x074,TechSenior
Alyssa,Carroll,АК5-6,(885)966-6180x9502,TechJunior
Stefanie,Murphy,РКТ2-4,(682)533-5319x880,NotTech
Jesus,Sweeney,ИБМ5-4,4963482588,TechJunior
Brianna,Curry,Л4-8,768-802-1884,NotTech
Randy,Brown,РТ11-1,001-902-803-5100x65264,TechJunior
Kyle,Tanner,РК11-6,995.955.8104x372,TechSenior
Jennifer,Wilson,ИБМ1-7,+1-413-627-4193x32891,TechSenior
Melinda,Richardson,ЮР10-3,486.508.7699x166,NotTech
Keith,Nelson,РК7-8,728.588.0542,NotTech
Thomas,Smith,ИУ3-2,(778)954-4817x0384,TechSenior
Jimmy,Padilla,ИУ1-6,2108553494,TechSenior
Jimmy,Anderson,СГН12-5,688-800-9435x28194,NotTech
Karen,Cole,МТ9-3,001-205-269-9548x1566,TechSenior
Sharon,Terry,Э2-4,(297)506-4118x47574,NotTech
Mark,Gutierrez,ПС10-8,+1-628-728-6275x3657,TechSenior
Tyler,Robbins,СМ10-3,464.680.8008x460,NotTech
Cody,Graham,БМТ1-7,001-755-385-0705x20889,NotTech
Kristina,Jensen,СМ8-5,5675996606,TechSenior
Christina,Burton,БМТ12-4,(473)816-8985,TechJunior
Elizabeth,Kelly,ФН5-5,821-560-1637,TechSenior
Monica,Espinoza,СМ7-4,8348951017,TechJunior
Kenneth,Salazar,ПС11-1,+1-931-850-4547x34731,TechSenior
Amanda,Alexander,СМ5-7,709-415-4859x08338,NotTech
Brandi,Contreras,РТ1-1,001-428-612-3582,TechJunior
Nathan,Thomas,РКТ13-4,+1-384-573-9060x9141,NotTech
Kristen,Smith,МТ6-4,+1-716-971-6276,TechSenior
Anna,Romero,РК12-3,548.771.0860,NotTech
Felicia,Thomas,БМТ5-1,+1-525-745-4484,TechSenior
Angel,Edwards,ПС13-7,001-776-918-3893x57771,NotTech
Julia,Young,РКТ2-5,001-341-231-9740x86529,TechJunior
Lindsey,Vazquez,РКТ7-4,566.362.1391x854,TechJunior
Dawn,Walsh,ПС13-8,888-629-8439x701,TechSenior
Michael,Baxter,МТ5-4,689.981.8694,TechSenior
Darren,Young,БМТ1-4,+1-403-797-4519x70038,NotTech
Brian,Bailey,МТ8-2,001-292-638-7951x9723,TechSenior
Shirley,Myers,СГН9-2,+1-929-578-3146x739,NotTech
Elizabeth,Ryan,Э7-2,001-531-724-4402x0257,NotTech
Tamara,Rojas,Л13-4,924-522-5759,NotTech
Erin,Mendez,ФН5-3,977-226-1363x2749,NotTech
Timothy,Orozco,ИБМ13-7,+1-332-355-2978x921,TechSenior
Michael,Carter,Э1-7,(988)564-4084x39388,TechSenior
Lisa,Ross,ПС2-4,397-896-3010x21411,TechJunior
Lucas,Jones,ЮР13-3,7973253594,NotTech
Nicole,Gonzalez,ПС9-5,(693)372-7057,TechSenior
Mark,Cook,Э1-4,403-598-1090,TechSenior
Tabitha,Chandler,СМ5-1,814.779.9420x9989,NotTech
Scott,Burgess,ИУ8-4,6279770687,TechJunior
Dennis,Paul,МТ3-5,609.555.5486x231,TechSenior
Adam,Frey,РЛ9-8,8135208492,TechSenior
Sarah,Jones,ФН3-5,263-202-3173,TechJunior
Hannah,Gomez,СГН12-3,+1-212-323-9965x08450,NotTech
Eric,Harrington,ИБМ2-4,001-498-300-4518,TechJunior
Carol,Booth,РТ13-2,001-582-420-1736x9196,TechJunior
