baseid,taskName,dateStart,duration
664,Community education officer,1971-09-08,5
295,Tax adviser,2022-09-30,16
396,Analytical chemist,1991-06-27,27
898,"Chemist, analytical",1989-01-30,22
359,Structural engineer,2004-10-22,30
548,Adult nurse,2015-07-05,2
795,Financial manager,1983-06-03,4
213,"Surveyor, insurance",1986-01-03,29
637,Financial adviser,1995-05-29,23
648,English as a foreign language teacher,1993-02-02,8
88,"Scientist, research (maths)",1986-10-10,19
477,Barista,1976-12-29,23
457,"Surveyor, building control",1976-06-04,30
318,Careers information officer,2000-12-14,22
283,Psychotherapist,1972-06-24,14
736,Ship broker,1975-07-27,14
458,Race relations officer,2017-12-12,3
13,Financial trader,2019-03-24,15
210,Equities trader,2020-08-08,20
108,Government social research officer,2005-02-17,7
448,"Scientist, research (life sciences)",2006-07-05,2
341,Seismic interpreter,2016-10-19,20
912,Ergonomist,2011-03-29,4
898,Financial controller,2018-11-25,10
518,Writer,1981-11-19,9
904,Meteorologist,2015-10-01,21
423,"Engineer, technical sales",1987-03-14,24
778,Television production assistant,2021-03-07,14
238,"Programmer, applications",1984-05-31,12
754,Mental health nurse,2021-10-19,30
265,"Civil engineer, consulting",2004-06-01,1
165,"Surveyor, commercial/residential",1980-11-19,3
98,Event organiser,2022-07-05,20
382,Museum/gallery curator,2023-10-21,24
509,Writer,1993-03-03,26
663,Immunologist,2009-05-06,13
193,"Administrator, Civil Service",2016-06-05,15
68,Equities trader,1987-12-21,24
9,Fish farm manager,1970-03-09,13
246,Paramedic,2002-11-23,13
381,Chartered accountant,1998-06-05,20
93,Theatre manager,2002-01-13,29
293,Ecologist,2006-12-17,20
750,Quality manager,1983-02-13,30
658,Architectural technologist,2014-06-09,15
943,"Programmer, multimedia",1998-05-06,25
500,Learning mentor,1991-12-19,4
72,Press photographer,1983-07-25,16
143,Furniture designer,2008-09-15,13
328,Adult nurse,1972-06-25,30
427,Paramedic,2013-02-15,14
158,Purchasing manager,2015-06-17,21
532,Health and safety inspector,1996-12-28,29
733,Personnel officer,2003-07-31,1
95,Horticultural consultant,1975-03-24,23
944,"Journalist, newspaper",2016-09-14,2
51,Special effects artist,1973-10-16,21
869,"Psychotherapist, dance movement",2010-04-04,27
687,"Buyer, retail",2020-12-26,9
170,Surgeon,2009-12-24,3
942,Corporate investment banker,2014-05-13,18
693,Automotive engineer,1971-04-08,24
60,Associate Professor,1986-04-05,7
849,Clinical biochemist,1997-02-23,22
955,"Therapist, nutritional",1973-07-15,20
214,Legal executive,2021-02-16,11
796,Chartered management accountant,2018-02-26,20
505,Emergency planning/management officer,2008-03-18,15
224,Oceanographer,2012-07-22,14
172,Tourist information centre manager,2024-05-15,25
114,Health promotion specialist,2022-08-10,12
438,Graphic designer,2004-06-06,25
243,Energy engineer,2010-04-28,10
740,Adult nurse,2012-08-07,23
178,Chartered loss adjuster,1977-02-07,23
594,Commercial/residential surveyor,1973-08-18,14
526,Arts administrator,1988-11-07,27
594,Dancer,2009-03-21,21
871,Health promotion specialist,1991-06-17,3
706,Advertising art director,1987-10-11,8
692,Estate manager/land agent,1973-10-30,14
286,Chief Financial Officer,1979-05-03,22
703,"Pharmacist, community",1978-01-17,13
80,Magazine features editor,2015-08-22,18
671,"Conservation officer, nature",2001-12-02,3
723,"Engineer, electrical",1972-02-14,1
498,Horticultural consultant,2006-10-06,2
83,English as a foreign language teacher,1995-06-22,12
809,Health and safety adviser,1972-07-20,17
422,"Teacher, music",2002-03-26,21
700,"Horticulturist, commercial",2002-02-15,18
26,"Doctor, hospital",1981-05-24,21
326,Astronomer,2017-03-14,21
66,Systems developer,1978-05-03,15
608,"Surveyor, land/geomatics",1971-04-25,5
44,Holiday representative,1996-03-15,11
890,Passenger transport manager,1978-06-02,16
415,Mining engineer,2017-05-08,16
54,Animal technologist,1994-09-20,14
642,"Therapist, speech and language",2010-01-22,1
95,"Designer, textile",1979-12-24,12
829,Chartered management accountant,1979-10-06,3
330,Press sub,1972-10-23,30
534,Print production planner,2007-10-07,11
979,"Designer, ceramics/pottery",1982-10-06,16
965,Leisure centre manager,2004-12-17,23
370,Ophthalmologist,1971-05-10,28
476,Land/geomatics surveyor,2016-02-22,22
48,Editorial assistant,1991-12-23,30
461,"Engineer, civil (contracting)",1973-10-21,16
282,Sports coach,2008-04-10,27
738,"Producer, radio",2023-05-21,24
8,Careers adviser,1981-11-26,28
44,"Conservator, furniture",1993-03-31,21
224,Planning and development surveyor,1971-05-25,25
92,Personal assistant,2015-06-01,3
20,Records manager,1992-06-28,10
517,Systems developer,1983-05-11,16
676,Broadcast journalist,1985-05-27,20
473,Animator,1999-03-12,23
607,Futures trader,2024-04-13,22
734,"Therapist, art",2006-04-25,24
251,Information systems manager,2002-06-06,1
222,Sports development officer,2005-12-18,17
708,Surgeon,1984-03-29,5
803,Manufacturing engineer,1981-11-04,28
574,Nature conservation officer,1995-12-05,30
453,Senior tax professional/tax inspector,2000-12-18,22
416,"Surveyor, minerals",2006-03-16,20
933,Training and development officer,2012-07-10,5
318,Heritage manager,1989-11-08,29
638,"Producer, television/film/video",2011-04-12,16
731,Fine artist,1980-12-28,8
935,Wellsite geologist,1976-05-29,5
635,Technical author,2023-04-17,24
879,Licensed conveyancer,1983-07-03,26
93,Chiropractor,1980-04-18,20
40,"Designer, jewellery",1985-07-07,9
320,Minerals surveyor,1982-12-11,11
436,"Teacher, primary school",2015-02-19,8
666,Chemical engineer,1974-08-18,18
244,Sports coach,2016-08-22,2
68,Charity fundraiser,2002-07-01,28
998,Horticultural therapist,1996-02-02,15
944,Patent examiner,2020-10-15,28
139,Warehouse manager,2001-10-23,21
413,Barrister,2014-11-12,15
4,"Journalist, newspaper",2001-03-24,14
377,Graphic designer,1982-11-19,3
294,Furniture designer,1994-05-16,7
617,Data scientist,1990-04-09,24
614,Armed forces operational officer,2004-03-05,3
508,"Librarian, public",1980-01-20,20
520,Publishing copy,2005-04-24,4
750,Surgeon,1970-02-14,30
74,Visual merchandiser,2022-04-07,25
694,Make,2020-08-22,8
364,Investment analyst,1999-12-10,24
732,Geoscientist,2009-08-31,12
527,Claims inspector/assessor,2007-12-15,17
43,"Scientist, research (physical sciences)",1978-09-23,14
766,"Surveyor, building control",1994-03-29,1
153,Theatre manager,1991-02-22,4
743,Dentist,2022-04-07,16
36,Commercial/residential surveyor,1974-12-08,25
16,Operational researcher,2007-12-23,15
600,Physiological scientist,2009-11-28,14
872,Technical sales engineer,2011-04-01,15
827,"Engineer, aeronautical",2022-04-21,29
550,Land/geomatics surveyor,1993-10-04,17
617,"Designer, ceramics/pottery",2008-01-20,20
761,Administrator,1986-08-27,28
900,"Psychologist, clinical",1985-08-31,8
180,Agricultural engineer,2023-08-19,6
351,"Engineer, manufacturing systems",2000-09-09,21
38,Ceramics designer,1998-09-26,8
708,"Doctor, general practice",1991-10-18,25
267,Applications developer,2008-08-31,21
706,Community pharmacist,2024-01-22,16
273,Magazine journalist,1978-08-03,12
24,Information officer,1981-09-18,30
348,Risk analyst,1995-01-14,6
729,Fast food restaurant manager,1993-08-11,6
831,Dealer,2018-06-07,8
739,"Engineer, aeronautical",1983-07-20,3
818,Water engineer,2002-10-30,27
509,Chief Operating Officer,1982-09-02,1
20,Theatre stage manager,2011-10-15,20
368,Museum/gallery exhibitions officer,1974-09-27,8
433,"Scientist, forensic",1997-09-19,2
327,Quarry manager,2019-03-16,27
55,Health service manager,1989-05-09,24
325,"Surveyor, building control",2010-07-25,2
848,Multimedia specialist,1971-01-20,4
826,"Engineer, maintenance",2018-10-12,27
504,"Psychologist, educational",1983-01-22,21
878,Fish farm manager,2012-04-20,26
146,"Engineer, petroleum",2003-12-17,20
742,"Therapist, horticultural",2002-05-25,22
739,Retail manager,1981-04-25,22
304,Electronics engineer,2022-09-06,18
659,Camera operator,1987-09-09,17
494,Health visitor,1988-01-05,9
952,"Sales professional, IT",1973-08-03,10
612,Operations geologist,2001-02-13,30
163,Sports coach,2004-06-07,24
181,Publishing rights manager,1978-05-31,6
11,"Sound technician, broadcasting/film/video",2012-09-26,26
157,Site engineer,1975-10-09,23
338,Arboriculturist,1985-11-13,29
622,Site engineer,1990-06-21,9
683,Recycling officer,1983-06-21,29
919,Commercial/residential surveyor,2021-12-11,22
976,Public relations officer,2016-01-07,30
404,Early years teacher,1984-09-20,9
608,Product designer,1972-02-26,4
850,Arts development officer,2015-06-29,30
786,Transport planner,1988-02-08,13
312,Furniture conservator/restorer,1989-12-31,6
855,"Surveyor, minerals",2011-08-22,29
418,Personal assistant,2006-02-01,13
5,"Journalist, broadcasting",1989-01-19,8
744,Theme park manager,1980-08-31,12
741,Advertising art director,1997-05-25,30
159,"Geneticist, molecular",2013-02-17,7
552,Farm manager,2007-02-04,7
816,Naval architect,1986-12-06,22
263,"Designer, ceramics/pottery",1992-01-26,11
691,"Psychotherapist, dance movement",2010-11-15,16
39,Marine scientist,1999-01-08,10
616,"Engineer, manufacturing systems",1993-12-02,23
772,"Designer, furniture",1989-04-07,18
685,Ambulance person,1997-07-14,2
960,Professor Emeritus,1979-08-15,24
366,Arts administrator,1986-12-05,15
248,Surgeon,2015-09-12,16
590,Clinical molecular geneticist,2012-02-23,4
847,Museum education officer,2024-04-03,6
533,Farm manager,1975-05-08,16
764,"Designer, ceramics/pottery",1973-02-13,30
284,Media buyer,1988-10-04,22
656,Herbalist,2006-10-07,9
259,"Nurse, children's",2009-08-18,15
732,Exercise physiologist,2014-08-15,13
619,"Scientist, physiological",1985-05-23,6
333,Chief of Staff,1977-02-17,22
787,Physiotherapist,2009-06-25,24
442,"Scientist, audiological",1971-04-04,2
956,English as a second language teacher,2021-10-18,8
707,Physiotherapist,2011-08-30,26
104,Furniture conservator/restorer,2007-06-26,6
314,Comptroller,1970-01-04,29
847,"Teacher, primary school",1984-05-19,19
132,Health and safety adviser,2019-11-17,12
779,Pension scheme manager,2004-08-27,20
882,Accommodation manager,1980-10-01,16
959,"Pharmacist, community",2004-07-28,22
380,"Programme researcher, broadcasting/film/video",1982-08-23,8
3,Ranger/warden,1994-08-31,16
494,Trading standards officer,1977-03-24,2
784,Child psychotherapist,2006-02-10,9
587,Animator,1973-11-20,28
650,IT consultant,1980-09-17,1
779,"Designer, television/film set",2010-01-14,21
17,Pensions consultant,1998-11-25,13
910,"Doctor, hospital",2011-08-11,14
150,Pensions consultant,2004-02-24,10
811,Counselling psychologist,1999-12-04,27
529,Adult nurse,1989-03-13,24
817,"Nurse, adult",2017-07-19,22
203,Fish farm manager,1979-05-31,6
374,Soil scientist,1995-09-08,9
191,Tax adviser,2001-03-16,11
23,"Engineer, chemical",2009-07-15,11
940,Geophysicist/field seismologist,1979-07-18,12
628,Counselling psychologist,2011-01-27,11
525,Theatre director,1992-04-25,23
539,Printmaker,2010-08-11,9
84,Production engineer,1990-07-04,5
382,Osteopath,2015-01-23,26
699,"Horticulturist, commercial",1975-05-25,27
897,Learning mentor,1980-12-29,17
288,"Production assistant, television",2001-02-15,26
947,Forest/woodland manager,2002-02-04,24
214,Office manager,1995-03-25,11
445,Exercise physiologist,2009-09-03,21
496,Animator,2010-09-15,16
439,Games developer,1973-02-08,7
678,Holiday representative,2019-12-25,1
244,Art therapist,1988-06-02,13
217,Cytogeneticist,1986-03-02,3
797,"Therapist, nutritional",2021-02-14,14
678,Accommodation manager,1997-04-25,11
378,Planning and development surveyor,1999-05-10,21
725,Field trials officer,2022-03-30,7
766,Proofreader,2021-01-21,11
826,Biomedical engineer,1980-05-13,17
915,"Accountant, chartered management",1980-12-14,26
987,"Conservator, museum/gallery",1978-07-16,8
570,Hospital doctor,1979-06-05,1
571,Environmental health practitioner,1998-04-26,2
717,"Nurse, children's",1996-06-24,21
670,Public librarian,1985-03-14,7
478,Electrical engineer,1980-10-18,30
117,Telecommunications researcher,1972-10-11,20
227,Product/process development scientist,1973-09-05,23
770,Geophysical data processor,1970-04-09,1
459,"Engineer, site",2024-04-25,2
200,Warehouse manager,1994-09-20,12
669,"Teacher, primary school",1988-03-02,14
236,"Administrator, arts",1987-03-02,4
193,Warehouse manager,1990-06-13,19
76,Merchant navy officer,1989-07-18,8
606,Software engineer,2022-03-26,22
389,"Engineer, energy",2018-09-23,13
560,Adult guidance worker,1972-06-15,27
481,Food technologist,1987-10-25,28
936,Physiotherapist,2015-11-03,6
916,Ophthalmologist,1970-10-08,14
399,Secondary school teacher,2008-05-02,16
483,Diagnostic radiographer,2015-05-13,27
618,Building surveyor,2015-10-29,11
51,"Programme researcher, broadcasting/film/video",1982-08-26,16
437,Dentist,2014-08-20,6
265,Information officer,1971-12-16,4
386,Arts development officer,1999-09-14,8
611,Television camera operator,1991-04-29,6
422,"Copywriter, advertising",2010-07-29,10
27,Psychotherapist,2023-05-26,9
723,Market researcher,2007-01-24,3
59,Tourism officer,2015-12-04,16
339,"Administrator, education",2008-02-11,13
965,Patent examiner,2005-01-25,9
310,Learning mentor,1981-01-29,21
312,"Teacher, adult education",2010-07-29,8
800,Estate manager/land agent,2003-09-28,21
137,Electronics engineer,1983-04-25,24
45,Retail banker,1984-01-28,20
490,"Designer, fashion/clothing",2015-05-24,21
383,Financial adviser,1996-07-15,1
990,Furniture designer,2002-11-07,16
519,Advertising copywriter,2016-04-07,9
28,Chief Strategy Officer,1984-08-21,7
382,"Education officer, community",1983-12-24,2
157,Charity fundraiser,2017-03-06,12
674,Theatre manager,2003-09-02,23
916,Human resources officer,2004-12-10,23
524,Dramatherapist,1990-03-09,5
59,Nature conservation officer,1994-09-26,3
610,Research scientist (medical),1972-08-28,19
324,"Production assistant, television",2003-03-26,15
840,Politician's assistant,1983-04-14,17
112,Chief Strategy Officer,1971-02-24,20
822,Research scientist (life sciences),2020-08-08,18
457,Trade mark attorney,1984-03-27,14
206,"Lecturer, higher education",1978-09-07,11
449,Technical sales engineer,1984-01-01,16
282,Solicitor,1996-06-13,10
125,Textile designer,1975-06-25,27
923,Printmaker,2020-06-07,18
387,Software engineer,1990-12-20,9
918,Charity officer,1987-12-25,12
591,Camera operator,2008-01-28,4
567,"Optician, dispensing",2020-04-19,26
866,Air broker,2018-06-14,4
792,"Therapist, speech and language",1992-03-24,13
400,"Radiographer, therapeutic",1975-04-16,24
424,Secondary school teacher,1986-12-15,8
259,Phytotherapist,1997-01-23,22
629,Public librarian,1996-06-06,26
608,Advertising copywriter,1994-10-30,17
549,"Programmer, multimedia",1992-08-11,21
723,Chiropractor,1989-08-23,9
471,"Engineer, production",1972-03-17,4
608,Chief Marketing Officer,2022-12-06,13
42,"Social research officer, government",1998-11-14,8
581,Interior and spatial designer,1978-06-28,4
693,Broadcast presenter,1998-06-14,3
467,Public librarian,2009-08-26,13
955,Acupuncturist,1991-04-10,12
245,Network engineer,1998-11-15,15
684,Musician,1973-07-28,28
122,Photographer,1990-01-23,26
235,Wellsite geologist,2015-04-01,10
336,Careers information officer,1995-05-04,7
263,Pharmacologist,1991-06-02,24
608,Human resources officer,1981-12-20,4
525,Public affairs consultant,1984-12-05,5
664,Solicitor,1998-07-15,29
622,Travel agency manager,1995-08-17,11
717,Marketing executive,1979-02-09,17
789,Warden/ranger,2023-05-19,20
869,Phytotherapist,2006-03-08,2
933,"Education officer, environmental",1979-01-11,27
567,"Designer, industrial/product",2002-09-05,14
492,Broadcast engineer,1996-02-24,19
368,Psychiatrist,2002-05-03,3
308,Bookseller,2010-06-13,7
920,Planning and development surveyor,1981-02-17,22
389,Trade mark attorney,1995-11-04,14
438,"Pharmacist, hospital",1995-10-20,1
15,Counsellor,1996-02-21,6
347,Air traffic controller,2015-01-29,5
187,Agricultural consultant,1994-06-28,6
448,Ceramics designer,2006-05-10,17
459,Theme park manager,2003-01-15,13
177,Occupational hygienist,1976-03-12,8
791,Art therapist,2024-05-01,11
598,"Producer, television/film/video",1984-07-22,6
187,Sport and exercise psychologist,2011-11-02,19
519,Magazine features editor,1993-03-18,3
987,Audiological scientist,2003-02-01,19
582,"Designer, blown glass/stained glass",2022-10-29,12
802,Recycling officer,1976-08-13,24
700,"Conservator, furniture",2009-09-19,22
652,"Psychologist, prison and probation services",1995-09-18,21
730,Medical physicist,1990-07-01,10
940,Commissioning editor,1990-08-23,23
492,General practice doctor,1982-03-12,10
87,Arts development officer,2008-09-17,25
95,"Scientist, product/process development",1993-07-10,20
35,Agricultural consultant,2024-07-21,22
656,Ranger/warden,1978-05-26,15
590,Further education lecturer,1998-08-24,25
550,"Engineer, automotive",1974-07-01,25
498,"Journalist, broadcasting",2003-10-30,29
449,Retail manager,2001-08-10,18
139,"Designer, textile",1970-01-17,5
768,Education administrator,1979-03-02,29
745,Theatre stage manager,2001-08-31,26
458,"Production assistant, television",1991-09-04,11
592,Clinical psychologist,2008-07-15,21
942,"Education officer, community",2013-09-06,13
625,Orthoptist,1974-12-04,7
257,"Engineer, control and instrumentation",1978-08-27,23
506,Further education lecturer,2020-12-30,28
639,Tax adviser,1989-08-29,6
436,"Chemist, analytical",1989-04-13,29
713,"Development worker, international aid",1975-06-04,16
600,Copy,2014-07-06,11
979,"Engineer, electronics",2009-02-21,21
450,Immigration officer,1976-01-31,16
7,"Solicitor, Scotland",1979-11-16,23
411,Freight forwarder,1972-02-17,22
79,"Psychotherapist, child",2011-05-26,9
825,Management consultant,2002-09-10,22
485,Building services engineer,2016-11-15,3
425,"Lecturer, higher education",1973-01-09,25
695,Geoscientist,2019-09-20,4
326,Printmaker,2007-05-05,12
783,Futures trader,2004-07-29,20
945,Museum/gallery exhibitions officer,1981-08-01,23
415,Network engineer,1980-07-28,27
85,"Engineer, mining",1979-02-03,1
348,Accommodation manager,1995-04-15,27
443,Site engineer,1970-11-12,17
863,Mudlogger,2022-04-18,20
583,"Research officer, trade union",1995-04-16,22
314,Animator,2019-01-31,10
719,Secondary school teacher,1983-06-01,16
116,Tourism officer,2021-10-15,6
189,Scientific laboratory technician,1986-12-27,6
636,Animal technologist,1990-07-12,26
744,Occupational therapist,2020-12-02,24
791,Broadcast engineer,1999-09-14,24
490,Estate manager/land agent,2000-05-21,2
471,Medical sales representative,1974-01-29,13
798,Multimedia specialist,2016-06-02,16
246,Risk analyst,2021-11-29,17
602,Records manager,2024-03-10,19
659,Tax inspector,1993-12-27,13
551,Armed forces logistics/support/administrative officer,1975-02-07,24
974,Make,2012-02-18,13
331,Building control surveyor,1992-06-04,25
198,"Investment banker, operational",1992-11-04,27
6,"Production assistant, television",1975-08-19,18
427,"Social research officer, government",2023-08-19,20
384,Actuary,2006-11-02,10
452,Veterinary surgeon,1984-10-04,13
810,Visual merchandiser,2013-05-16,7
69,Agricultural consultant,2000-10-21,27
186,Call centre manager,1976-06-25,22
588,Retail buyer,2005-08-08,24
458,Catering manager,2012-03-17,8
715,Senior tax professional/tax inspector,1975-07-05,18
7,Air broker,1987-05-06,3
984,Chief Executive Officer,1995-08-06,28
227,Counselling psychologist,1972-03-08,4
138,Hydrographic surveyor,2023-08-30,15
83,Phytotherapist,1992-06-03,1
760,"Surveyor, mining",2002-01-16,3
60,Travel agency manager,1993-09-15,3
337,Barista,1994-06-01,12
888,"Embryologist, clinical",2012-04-05,13
394,Animator,1980-05-16,7
802,Multimedia programmer,2013-06-02,23
302,Geographical information systems officer,1981-12-28,30
682,Actor,2007-03-20,13
555,Dramatherapist,1997-08-11,22
415,Geophysical data processor,1979-11-09,20
908,Research scientist (physical sciences),1989-08-13,13
43,"Presenter, broadcasting",2008-07-04,10
210,"Administrator, charities/voluntary organisations",1976-11-14,2
324,Analytical chemist,1999-08-26,8
627,Manufacturing systems engineer,2004-06-25,17
80,Aeronautical engineer,2000-04-09,28
625,"Education officer, museum",2003-12-14,28
217,"Nurse, children's",1993-06-19,21
641,Academic librarian,1972-02-29,17
887,Advertising copywriter,2000-10-12,28
459,Tree surgeon,2023-06-15,8
112,Physiological scientist,2009-11-13,8
376,Geophysical data processor,2013-01-21,17
85,Soil scientist,1991-01-16,13
28,Arboriculturist,2003-05-25,29
162,Set designer,1993-06-29,21
401,Technical author,1989-05-11,13
298,Barrister's clerk,1970-02-28,13
601,Chief Operating Officer,2024-01-06,22
110,Stage manager,2001-12-01,10
405,Midwife,1978-05-29,12
510,International aid/development worker,1970-02-21,29
709,"Investment banker, operational",2015-02-18,15
770,"Radiographer, therapeutic",2018-01-27,16
768,"Research officer, political party",2012-02-04,14
372,Aeronautical engineer,2015-12-06,7
474,Industrial/product designer,2007-07-20,5
542,Firefighter,2020-07-23,7
563,"Surveyor, rural practice",1981-04-29,16
244,Health promotion specialist,2007-05-14,13
480,Theatre stage manager,2024-01-09,17
577,Human resources officer,2007-11-01,26
734,Geographical information systems officer,2019-03-01,4
329,"Editor, commissioning",1980-05-03,12
145,TEFL teacher,2009-05-14,13
486,"Engineer, drilling",1980-09-09,5
6,Financial planner,2005-07-12,14
927,Therapeutic radiographer,2013-08-23,1
142,Community education officer,2017-08-06,17
468,Curator,2019-08-21,4
273,Management consultant,2005-12-05,1
305,Banker,2020-03-06,1
809,"Conservator, museum/gallery",1992-04-16,17
561,Radio producer,1991-03-27,20
898,Professor Emeritus,2013-07-12,16
343,Charity officer,1971-05-21,16
386,Neurosurgeon,2001-09-02,21
483,Science writer,2006-09-08,20
670,"Research officer, government",1990-10-03,4
891,Charity fundraiser,1990-06-22,6
525,Hydrologist,2007-08-29,19
470,Manufacturing systems engineer,1986-03-06,25
501,Warden/ranger,1989-04-20,1
945,Chartered certified accountant,1979-12-01,13
120,"Buyer, industrial",1978-07-19,13
514,Oceanographer,1992-08-26,25
527,"Psychologist, occupational",1995-10-05,11
917,"Journalist, broadcasting",2016-03-06,21
613,Building services engineer,1999-01-06,25
292,Chief Strategy Officer,2008-07-10,26
940,Animal technologist,1986-01-22,6
138,Exhibition designer,1995-05-21,25
694,"Conservator, furniture",2000-06-06,15
190,Operational investment banker,2020-02-15,25
297,Barrister's clerk,2006-02-14,5
340,Music therapist,1977-12-24,9
172,"Engineer, automotive",2000-10-26,12
267,Race relations officer,1984-07-28,30
438,Chartered public finance accountant,1973-05-09,29
610,"Merchandiser, retail",1974-05-25,30
383,Theatre director,2002-04-06,10
524,Musician,2006-02-27,27
588,TEFL teacher,1983-03-28,4
244,Quantity surveyor,1995-01-19,2
804,Television/film/video producer,2005-09-23,30
290,Clinical biochemist,2012-08-17,19
20,Food technologist,1977-12-21,4
693,Geoscientist,2016-07-04,12
875,Manufacturing engineer,1983-09-01,17
640,Data processing manager,2001-04-06,14
199,Management consultant,1986-10-08,13
98,Child psychotherapist,2008-08-27,1
999,IT technical support officer,2006-07-26,13
657,Academic librarian,1983-10-31,30
205,Cytogeneticist,1997-01-31,7
924,"Scientist, marine",2015-04-20,8
22,Fashion designer,1992-06-19,10
883,Health service manager,1977-05-03,18
397,Control and instrumentation engineer,2013-08-26,11
274,Commissioning editor,1970-08-17,21
834,"Designer, ceramics/pottery",2022-01-02,23
90,Clinical embryologist,1974-06-27,23
185,"Therapist, music",2004-12-23,7
723,"Accountant, chartered",1983-12-14,30
39,Radiation protection practitioner,2014-02-27,13
324,Stage manager,1973-12-17,26
280,"Teacher, primary school",1988-11-11,17
990,Counselling psychologist,2006-01-23,28
623,"Clinical scientist, histocompatibility and immunogenetics",1991-02-04,3
136,"Teacher, special educational needs",2001-10-09,7
276,Print production planner,1995-05-16,18
343,Mining engineer,1993-04-27,13
86,Chemical engineer,1974-04-11,8
980,Sales executive,2013-06-03,11
836,"Biochemist, clinical",2009-07-24,12
731,Seismic interpreter,2000-12-28,17
723,Warehouse manager,2023-07-06,13
962,Chemical engineer,1993-05-15,8
207,"Engineer, site",2021-12-25,7
692,Forensic psychologist,2023-05-29,28
520,"Librarian, academic",2003-12-02,17
936,Chartered accountant,2010-08-27,16
47,"Secretary, company",1989-08-12,26
906,Logistics and distribution manager,2005-08-03,25
645,"Administrator, sports",1980-12-21,4
187,"Chemist, analytical",2009-09-23,21
688,Copy,1990-10-16,4
103,Control and instrumentation engineer,2023-01-31,30
702,Special effects artist,1985-06-03,16
381,Speech and language therapist,2014-02-21,6
623,Regulatory affairs officer,1976-05-11,11
164,Proofreader,2019-08-09,13
137,"Social research officer, government",1976-12-09,8
503,Physiotherapist,2012-01-02,5
581,"Geneticist, molecular",1985-12-20,2
989,"Radiographer, diagnostic",1991-09-09,19
33,Sports coach,1971-03-24,16
118,Clinical psychologist,1976-07-22,6
24,"Psychologist, educational",2024-02-04,13
893,Writer,2000-07-17,23
987,Retail merchandiser,2002-12-10,18
87,"Horticulturist, amenity",1976-12-11,28
900,Furniture designer,2021-05-14,27
17,Music therapist,2006-06-21,27
287,Legal secretary,2009-03-28,1
257,"Psychotherapist, dance movement",1971-12-14,3
971,Gaffer,2022-12-28,16
230,Ambulance person,2000-12-11,27
315,Technical brewer,1971-09-14,24
971,Charity officer,2019-01-15,29
886,Corporate investment banker,2004-12-25,18
853,Engineering geologist,2005-08-16,11
558,"Engineer, building services",2005-05-16,17
654,Land/geomatics surveyor,2005-07-31,7
590,Research scientist (life sciences),2008-01-02,7
260,Heritage manager,2007-12-05,21
151,"Psychologist, clinical",2009-09-23,14
284,Copy,2009-10-14,22
735,"Administrator, local government",2000-07-21,2
881,Advertising account planner,1992-09-28,18
15,Optometrist,1986-01-20,15
468,"Merchandiser, retail",2021-04-07,19
104,"Chemist, analytical",2012-09-23,20
895,"Administrator, Civil Service",2022-04-07,19
483,Commercial/residential surveyor,1998-07-12,3
849,Operational investment banker,2003-07-03,11
458,"Psychologist, counselling",2024-01-13,7
28,Television/film/video producer,1980-07-13,10
399,"Journalist, broadcasting",1980-05-10,12
640,Government social research officer,2004-02-08,14
381,Fine artist,2018-12-15,12
849,Manufacturing engineer,1998-11-13,5
343,"Administrator, education",1974-01-03,15
678,Radio producer,2019-07-26,14
529,"Development worker, community",1984-10-08,9
684,Multimedia programmer,2004-04-25,10
496,Systems developer,1996-05-11,21
793,Social researcher,1971-10-23,28
283,"Nurse, mental health",2011-06-12,4
901,Clothing/textile technologist,2013-01-05,6
191,Biomedical scientist,1972-08-29,29
757,"Research officer, government",1979-06-21,9
435,Film/video editor,2006-08-11,7
448,Radio broadcast assistant,1978-06-21,15
778,Academic librarian,2002-09-01,18
851,Radio broadcast assistant,2010-06-06,13
912,Community pharmacist,1992-09-08,30
762,"Education officer, community",1981-03-28,27
813,Scientific laboratory technician,1986-11-04,13
435,"Nurse, adult",2008-06-19,29
990,Estate manager/land agent,2022-02-21,18
25,Special educational needs teacher,2013-03-15,24
948,Database administrator,1976-02-10,1
595,"Secretary, company",1977-10-16,22
622,Sales executive,2022-09-30,7
28,Marine scientist,1999-06-20,19
175,Race relations officer,1973-11-29,1
386,Petroleum engineer,2003-10-01,17
290,Hydrogeologist,1981-11-15,4
677,Adult guidance worker,1976-09-27,27
531,Astronomer,1987-01-15,30
661,Publishing rights manager,1981-04-02,22
841,Electronics engineer,1979-01-09,2
123,"Teacher, early years/pre",1987-10-27,11
914,"Administrator, local government",2001-01-03,11
26,Broadcast presenter,2000-01-16,22
144,Illustrator,1984-02-01,19
644,International aid/development worker,1973-10-19,18
186,Social worker,1980-07-20,25
547,Office manager,1999-12-19,8
913,Claims inspector/assessor,1985-11-09,18
583,Broadcast journalist,2007-12-16,14
655,"Therapist, occupational",1988-09-06,13
865,"Teacher, secondary school",2003-12-24,29
166,Merchant navy officer,1985-07-13,4
768,Museum/gallery conservator,1975-10-07,17
440,Drilling engineer,2009-02-23,1
260,Housing manager/officer,2021-11-02,11
843,Mining engineer,2023-01-04,22
106,Educational psychologist,2015-06-13,5
238,Chief Executive Officer,1984-09-15,22
306,"Journalist, broadcasting",1988-02-25,2
923,Control and instrumentation engineer,1993-12-18,8
489,Music therapist,1976-01-29,15
218,Media buyer,2010-08-16,8
548,Research scientist (life sciences),2012-12-20,13
773,Pharmacologist,1991-07-19,4
920,Media buyer,2013-06-03,27
551,"Engineer, energy",1984-12-30,3
962,Dancer,1994-12-16,23
26,"Horticulturist, commercial",1990-01-23,7
852,"Surveyor, hydrographic",1978-04-12,16
305,Primary school teacher,2015-06-17,23
636,Adult guidance worker,1999-10-19,2
102,Furniture designer,1989-07-02,23
992,Telecommunications researcher,1981-10-12,11
493,Automotive engineer,1993-06-27,21
648,Industrial/product designer,1978-06-28,7
311,English as a foreign language teacher,1985-02-08,2
50,Further education lecturer,1993-10-06,15
201,"Pharmacist, hospital",1978-07-31,11
138,"Engineer, water",2006-07-13,30
106,Commercial/residential surveyor,1979-04-02,25
389,TEFL teacher,2024-02-10,29
86,Chief Technology Officer,1992-03-22,22
294,Catering manager,2019-03-22,26
250,"Designer, industrial/product",1973-05-13,23
697,Herpetologist,1978-03-23,17
512,"Engineer, drilling",2017-06-05,29
872,Radiation protection practitioner,1982-12-16,9
408,Health and safety inspector,2004-03-02,21
284,Hotel manager,2013-09-13,19
522,"Civil engineer, consulting",2006-04-10,13
43,Television/film/video producer,2023-01-23,17
661,Commercial art gallery manager,2003-02-23,21
357,Hospital pharmacist,1984-11-25,10
634,Video editor,2022-11-20,13
190,Clinical molecular geneticist,1981-08-08,26
984,Hospital doctor,2010-12-18,9
836,Building surveyor,1992-08-16,14
189,"Restaurant manager, fast food",2019-08-08,22
360,Podiatrist,1983-07-02,27
321,Chief Executive Officer,1989-07-17,3
625,Production engineer,2006-04-04,8
567,Press photographer,2011-10-02,3
627,Publishing copy,2001-06-12,10
280,Financial manager,1978-01-03,23
669,Biomedical engineer,2020-02-24,25
787,Pharmacologist,1982-05-01,24
368,Exhibition designer,1979-10-12,22
799,Youth worker,1987-10-04,27
122,"Engineer, maintenance (IT)",1978-10-19,1
171,"Runner, broadcasting/film/video",2021-06-23,19
209,Hydrogeologist,1982-09-25,13
524,"Accountant, chartered certified",1996-07-24,7
707,Microbiologist,1994-10-03,3
556,Exhibition designer,1974-08-28,2
906,Legal secretary,2023-11-11,3
974,Insurance risk surveyor,2005-04-05,5
697,Herbalist,1983-03-23,3
469,Chartered loss adjuster,2015-05-20,25
623,Arts administrator,1986-01-07,23
925,"Designer, industrial/product",1980-05-12,19
208,Health physicist,2018-11-13,15
216,"Editor, commissioning",1981-07-31,23
380,Sport and exercise psychologist,1996-04-23,6
211,Garment/textile technologist,2015-05-27,14
899,"Radiographer, diagnostic",1987-12-09,8
406,"Editor, film/video",1988-08-13,4
856,Office manager,2016-07-30,25
428,Operational researcher,1982-02-18,15
757,Training and development officer,1980-08-31,7
23,"Doctor, general practice",2016-03-21,9
2,Records manager,2008-09-19,4
907,Statistician,1993-12-24,7
762,Sales promotion account executive,2019-07-13,12
378,Further education lecturer,2022-08-30,13
242,Animal technologist,1995-07-13,16
855,"Designer, ceramics/pottery",2016-06-01,10
973,Radio broadcast assistant,1992-01-10,29
808,"Engineer, communications",2001-07-31,30
351,"Therapist, sports",2003-06-16,7
987,Clinical biochemist,2022-07-07,13
384,"Designer, interior/spatial",2022-02-14,16
743,Product/process development scientist,2019-12-10,27
175,"Engineer, civil (consulting)",1988-07-09,5
162,Field trials officer,1995-10-29,7
432,Broadcast engineer,1985-02-09,13
790,Airline pilot,1983-12-16,9
73,Fashion designer,1970-09-22,13
936,"Surveyor, building",2002-02-01,9
984,Clinical biochemist,1990-05-03,23
655,Dietitian,2011-12-04,1
728,Clinical embryologist,2021-12-20,28
105,Company secretary,1971-05-01,4
13,Environmental consultant,1994-04-16,7
797,"Designer, graphic",2018-02-13,9
519,Data processing manager,1994-09-27,5
673,Health promotion specialist,2012-11-18,22
535,Editorial assistant,1985-10-02,26
904,"Engineer, structural",2006-11-07,26
983,"Engineer, materials",2000-01-30,4
908,Air traffic controller,1971-02-27,25
309,"Journalist, newspaper",2020-05-22,21
884,Paediatric nurse,2014-11-14,2
224,Biomedical scientist,1998-07-20,10
329,Ship broker,1986-03-25,17
122,Sport and exercise psychologist,2001-11-05,2
150,Operational researcher,2020-12-05,7
342,Wellsite geologist,2018-01-17,1
143,Podiatrist,1971-08-26,11
629,Child psychotherapist,1975-01-27,27
824,Lawyer,2005-02-26,3
750,Occupational hygienist,1970-12-29,14
184,"Therapist, horticultural",1977-07-10,3
409,"Physicist, medical",2019-08-19,24
980,Jewellery designer,1998-12-02,4
929,"Investment banker, corporate",1993-08-20,21
687,Land,2019-06-28,13
440,Public affairs consultant,2009-03-25,26
477,Soil scientist,2007-10-14,16
855,Psychiatrist,2022-03-01,14
503,Land,1983-01-19,5
446,"Biochemist, clinical",1984-12-07,3
802,Exercise physiologist,2003-01-04,23
651,"Engineer, drilling",1979-12-24,28
180,Analytical chemist,2018-05-05,22
653,Barrister,1973-05-24,13
500,Hotel manager,2015-08-05,15
670,Visual merchandiser,2018-10-31,8
735,Recycling officer,1988-05-05,5
22,"Psychotherapist, child",2000-03-27,13
15,"Therapist, occupational",2009-01-19,21
937,Chief Executive Officer,2021-09-12,29
514,"Embryologist, clinical",1973-07-17,30
338,"Sales professional, IT",1980-03-09,8
549,Ambulance person,1992-12-02,10
966,"Nurse, learning disability",1992-04-07,8
979,"Biochemist, clinical",2021-09-17,21
633,Clinical biochemist,1991-10-11,21
194,Television camera operator,1971-01-28,3
951,Meteorologist,2008-03-28,15
830,Museum/gallery exhibitions officer,1970-05-31,11
496,Environmental consultant,1970-08-10,19
94,Facilities manager,2008-10-16,1
218,Energy engineer,1976-10-08,12
527,"Conservator, museum/gallery",1984-01-08,14
413,Communications engineer,2014-06-21,9
20,"Scientist, biomedical",2024-02-26,21
241,Freight forwarder,2003-12-07,8
16,Clinical psychologist,2017-07-08,27
371,Illustrator,2004-05-06,12
273,Production engineer,2016-07-30,23
281,"Designer, ceramics/pottery",1972-04-14,6
318,Public house manager,2021-11-10,18
60,Copy,1977-07-27,3
665,Restaurant manager,1972-10-04,27
516,Accounting technician,2000-12-12,29
621,Media buyer,1970-11-28,12
646,Government social research officer,1996-12-08,11
926,Clinical research associate,2007-12-19,16
648,"Engineer, civil (contracting)",1981-01-09,22
834,"Education officer, environmental",1975-04-14,23
642,Exhibition designer,2006-09-17,3
956,Psychiatrist,1978-05-15,10
603,Special effects artist,2014-10-12,13
161,Social worker,2015-06-26,27
737,Hydrographic surveyor,1972-07-07,16
867,"Librarian, academic",2002-04-23,6
801,"Teacher, secondary school",2005-09-10,26
144,Psychotherapist,1983-04-08,1
833,Animal technologist,1976-07-31,12
740,Graphic designer,1988-02-23,27
946,Control and instrumentation engineer,2008-05-20,9
589,Microbiologist,1988-12-27,19
885,Graphic designer,2001-08-29,8
801,"Accountant, chartered certified",1990-07-14,12
496,Intelligence analyst,1980-03-26,19
42,Lexicographer,1987-09-06,12
148,Optometrist,2013-01-17,19
362,Human resources officer,2020-12-09,4
440,Pathologist,1973-05-18,19
822,"Chemist, analytical",2024-01-01,28
703,Investment analyst,1994-03-27,1
79,"Civil engineer, contracting",2001-04-20,17
108,Art therapist,1992-09-25,30
937,Ceramics designer,1978-10-27,3
921,Retail buyer,1977-07-14,29
314,IT sales professional,2016-11-17,30
953,Economist,1999-05-29,24
242,Applications developer,1980-02-24,11
446,"Producer, radio",1975-11-03,21
140,"Scientist, research (physical sciences)",2013-06-30,27
971,"Doctor, general practice",1984-01-23,13
924,"Producer, television/film/video",2015-04-27,28
311,Dramatherapist,1983-06-11,27
978,"Lecturer, further education",2006-11-04,29
811,Field seismologist,2006-04-20,17
214,Multimedia programmer,2011-09-02,24
417,"Designer, fashion/clothing",2017-05-02,7
562,Print production planner,2006-02-24,4
934,Acupuncturist,2012-06-05,1
769,Cabin crew,2021-03-02,21
355,"Designer, interior/spatial",1988-12-10,30
943,Community development worker,2013-03-14,1
197,Warden/ranger,2007-09-11,2
872,Geophysical data processor,1972-09-07,13
319,Television floor manager,2003-05-29,9
242,Charity fundraiser,1992-10-17,4
545,Aeronautical engineer,1974-12-28,15
981,Visual merchandiser,2006-04-07,9
792,Camera operator,2012-06-05,19
448,"Surveyor, planning and development",1988-11-18,2
747,Ambulance person,1991-06-03,18
370,"Engineer, maintenance (IT)",1998-05-14,13
542,Dispensing optician,2003-12-03,1
194,Colour technologist,1992-07-31,10
281,Health and safety inspector,1973-01-04,27
398,"Nurse, adult",2017-12-17,2
192,"Designer, graphic",2010-06-16,2
807,Commercial/residential surveyor,1972-05-29,30
706,Facilities manager,1979-12-17,2
225,"Runner, broadcasting/film/video",2021-09-26,16
293,Estate agent,1986-12-11,2
238,Systems developer,2013-10-13,12
85,"Psychologist, educational",1982-03-30,19
290,Clinical embryologist,1992-11-24,30
815,Lexicographer,2020-06-20,20
775,Psychiatrist,2012-02-13,12
910,Academic librarian,2023-01-12,16
613,Health service manager,1973-07-26,15
665,"Surveyor, quantity",2020-03-17,7
969,"Horticulturist, commercial",1981-11-11,18
411,Insurance broker,2011-08-19,26
535,"Surveyor, building",1999-07-14,30
599,"Engineer, chemical",2011-05-17,8
730,Advertising account planner,2010-07-26,19
415,TEFL teacher,1997-11-22,24
812,Community development worker,2022-06-14,16
493,Government social research officer,2000-10-28,25
216,Scientific laboratory technician,1976-05-18,14
965,Freight forwarder,1979-04-12,1
613,Publishing rights manager,1975-04-12,26
344,"Teacher, special educational needs",2021-05-11,19
628,Dramatherapist,1996-10-11,26
143,Operations geologist,1978-12-25,25
424,"Development worker, community",1988-11-27,27
104,"Copywriter, advertising",2016-12-05,17
854,"Social research officer, government",2005-03-19,4
977,Early years teacher,2002-01-12,25
685,Accounting technician,1988-05-01,3
448,Associate Professor,1993-06-03,22
913,Engineering geologist,1984-11-29,1
484,Chief Technology Officer,1996-11-19,20
685,Television camera operator,2005-03-16,25
78,Wellsite geologist,2006-06-15,10
451,"Designer, jewellery",2019-12-24,13
737,"Designer, textile",1997-06-20,7
25,Art therapist,1983-08-17,6
379,"Administrator, arts",1985-05-11,19
59,Systems analyst,1989-10-25,28
840,"Therapist, horticultural",1991-03-04,2
32,Gaffer,2006-06-11,12
84,Theatre director,1975-03-03,25
442,"Programmer, multimedia",2010-11-03,16
902,Senior tax professional/tax inspector,1999-09-10,27
377,"Therapist, music",2006-01-18,2
255,"Merchandiser, retail",1980-06-28,14
952,Meteorologist,2000-01-24,3
213,Arboriculturist,1974-01-22,10
876,Operational investment banker,1990-08-10,6
203,Materials engineer,2008-05-20,2
640,Armed forces technical officer,1991-12-27,15
763,"Production assistant, television",1992-03-25,23
275,Psychotherapist,2022-05-01,9
236,Educational psychologist,1994-05-28,13
994,Animator,1999-12-15,29
751,Tax inspector,2003-10-09,25
776,Agricultural engineer,1970-04-25,1
632,Research scientist (life sciences),1974-06-23,22
92,Phytotherapist,1993-03-05,19
927,Fine artist,2008-05-05,13
18,Proofreader,2004-12-15,25
194,Gaffer,2019-02-04,1
218,"Embryologist, clinical",1981-11-12,17
742,Furniture conservator/restorer,2017-01-13,19
424,"Administrator, arts",2008-10-31,17
909,Cytogeneticist,1992-02-05,2
272,"Civil engineer, contracting",1975-02-01,17
570,"Production assistant, radio",1970-07-13,14
